order,cv_pct,cumul_pct,dataset,h
1,47.075350053399696,21.85637194702127,EXP,0.2
2,43.979138668467336,41.11995651940336,EXP,0.2
3,40.09692924929637,63.64667297535367,EXP,0.2
4,38.43159112752839,83.10120914108556,EXP,0.2
5,45.32518963757975,92.60318291023944,EXP,0.2
6,42.87633596435682,96.70841220115824,EXP,0.2
7,42.217806892374064,98.63360877873465,EXP,0.2
8,49.854845152519985,99.5494590844403,EXP,0.2
9,55.580709159831486,99.85943603380301,EXP,0.2
10,56.62592994122958,99.95413957624008,EXP,0.2
11,63.075292528129054,99.98614803388891,EXP,0.2
12,80.891400892924,99.99562066101399,EXP,0.2
13,91.47040329291679,99.99836620338873,EXP,0.2
14,166.43211572618333,99.99934850847413,EXP,0.2
15,184.41428835864954,99.99974316949135,EXP,0.2
16,230.91539527992109,99.99990098305078,EXP,0.2
17,217.66974544926137,99.99996494915251,EXP,0.2
18,196.0897653199159,99.99998566101695,EXP,0.2
19,176.87269413573844,99.9999949661017,EXP,0.2
20,191.39533875908015,100,EXP,0.2
1,46.908188091885684,26.55780012101418,SDG,0.2
2,38.37122132058386,52.16161547665749,SDG,0.2
3,37.238056038042785,70.48696701906721,SDG,0.2
4,43.237894347584074,84.65345451755172,SDG,0.2
5,46.19153422508659,92.577541604686445,SDG,0.2
6,53.149280618774576,96.5349000664271,SDG,0.2
7,56.924387967514,98.60653270655733,SDG,0.2
8,51.042311212703936,99.48226125360411,SDG,0.2
9,44.764580223942914,99.83481341788149,SDG,0.2
10,53.629223741172936,99.94898999990725,SDG,0.2
11,57.111935937865745,99.98601487270186,SDG,0.2
12,64.49326951506731,99.99593632726534,SDG,0.2
13,105.6642271714199,99.998747472725,SDG,0.2
14,160.2365548361166,99.99958078181741,SDG,0.2
15,219.85862769264344,99.99985939999975,SDG,0.2
16,250.7655763567329,99.99995205454537,SDG,0.2
17,252.54567489685164,99.99998099999998,SDG,0.2
18,239.4712425435842,99.99999079999998,SDG,0.2
19,243.97108442799134,99.99999605454545,SDG,0.2
20,279.79929875363234,100,SDG,0.2
1,44.1206049137646,27.632831689789512,EXP,0.25
2,42.87617205627193,50.15171214450492,EXP,0.25
3,41.73862000360606,73.28693799082677,EXP,0.25
4,42.767000676979066,90.09691420875382,EXP,0.25
5,51.29511645655834,96.69363500742234,EXP,0.25
6,48.66410275106085,98.9000336070001,EXP,0.25
7,50.19418050569166,99.65871174477934,EXP,0.25
8,54.76558455926729,99.91603081331738,EXP,0.25
9,61.68695584216534,99.97835872875119,EXP,0.25
10,96.8614570015161,99.99328761015015,EXP,0.25
11,85.62402342031807,99.99736045761951,EXP,0.25
12,209.05341960357032,99.9989024406748,EXP,0.25
13,155.98133666553957,99.99947154237135,EXP,0.25
14,262.4372237420453,99.99978857627057,EXP,0.25
15,190.0353147050293,99.99991091525398,EXP,0.25
16,239.85609558522484,99.99996471186431,EXP,0.25
17,203.1935394237903,99.99998469491521,EXP,0.25
18,148.98115881921956,99.99999132203388,EXP,0.25
19,172.51708299536023,99.99999611864405,EXP,0.25
20,206.94944184828478,100,EXP,0.25
1,43.85583547456829,32.42240135625077,SDG,0.25
2,39.19513371072235,61.39827776203386,SDG,0.25
3,40.037415176011294,79.63068480673554,SDG,0.25
4,48.064732512186964,91.50683649673722,SDG,0.25
5,52.06720261460194,96.83454481357752,SDG,0.25
6,58.008442144505345,98.88238465291984,SDG,0.25
7,61.450644438167544,99.6749729631636,SDG,0.25
8,56.76715717451,99.91186918169001,SDG,0.25
9,48.39857923518191,99.97851027269601,SDG,0.25
10,68.56077916463553,99.99399516362763,SDG,0.25
11,104.63441081708523,99.99806218181536,SDG,0.25
12,197.85985907485323,99.99925043636256,SDG,0.25
13,270.616640736164,99.99969916363594,SDG,0.25
14,294.947804209488,99.99988572727257,SDG,0.25
15,303.7860688201401,99.99995930909085,SDG,0.25
16,290.87061983781524,99.99998469090907,SDG,0.25
17,253.91447826089203,99.99999223636364,SDG,0.25
18,213.00321680756463,99.99999503636363,SDG,0.25
19,228.22036454775434,99.9999975090909,SDG,0.25
20,266.39613677336087,100,SDG,0.25
1,40.55201624615959,34.257365386373415,EXP,0.3
2,42.79254960404171,59.56998734474234,EXP,0.3
3,45.10134670062448,81.77920470252693,EXP,0.3
4,48.25677925274855,94.79228317408338,EXP,0.3
5,58.30465038437341,98.71740101390569,EXP,0.3
6,55.36103239869404,99.69206003316759,EXP,0.3
7,61.34299192460658,99.92772340660815,EXP,0.3
8,62.10165529453674,99.98329496606205,EXP,0.3
9,75.50585563356512,99.99417369490143,EXP,0.3
10,187.05235757808038,99.99743627118035,EXP,0.3
11,129.21005681690866,99.99866403389512,EXP,0.3
12,241.63630204121955,99.99941972881217,EXP,0.3
13,143.29744909245278,99.9997178305078,EXP,0.3
14,238.35293392124558,99.99990011864384,EXP,0.3
15,154.58847900500305,99.99995550847446,EXP,0.3
16,215.5170241120389,99.99998183050843,EXP,0.3
17,159.89453399587524,99.99998989830506,EXP,0.3
18,142.05938487847766,99.99999313559321,EXP,0.3
19,175.53801550183428,99.99999696610168,EXP,0.3
20,201.79387583850814,100,EXP,0.3
1,40.87641446154427,38.65326524048972,SDG,0.3
2,40.9973839409545,70.10598473814326,SDG,0.3
3,44.01541871447085,86.95461291383468,SDG,0.3
4,53.133244482108786,95.80313229243522,SDG,0.3
5,57.87984122710094,98.84412967314759,SDG,0.3
6,62.55076812801011,99.70319907283519,SDG,0.3
7,65.76264849876729,99.93805263638616,SDG,0.3
8,63.64439407548939,99.98609278182323,SDG,0.3
9,64.01343572252924,99.9960552727287,SDG,0.3
10,146.90585581358678,99.99835656363696,SDG,0.3
11,224.7889499438065,99.99924509090935,SDG,0.3
12,269.75011571085605,99.9996624727274,SDG,0.3
13,284.6037291732871,99.99986147272732,SDG,0.3
14,281.30542794397286,99.9999494909091,SDG,0.3
15,295.84016172583483,99.99998181818182,SDG,0.3
16,279.2191985317627,99.99999205454544,SDG,0.3
17,229.5603867754203,99.99999499999998,SDG,0.3
18,202.31091224998096,99.99999639999999,SDG,0.3
19,211.36374447797243,99.99999823636362,SDG,0.3
20,254.7374723899753,100,SDG,0.3
1,36.63990978400806,41.470950577119694,EXP,0.35
2,43.925710943807616,68.69341889284544,EXP,0.35
3,50.21702878411286,88.52131832285804,EXP,0.35
4,54.65699036888062,97.53301192509511,EXP,0.35
5,66.33441974821986,99.5552753885491,EXP,0.35
6,62.95010700219574,99.91999901671863,EXP,0.35
7,78.89908905291149,99.98226391520313,EXP,0.35
8,78.96996628724064,99.99356189828653,EXP,0.35
9,121.35012267800047,99.99673235592279,EXP,0.35
10,209.32037070647112,99.99830154236798,EXP,0.35
11,147.73594411402377,99.99911732203135,EXP,0.35
12,208.7050142642277,99.99962166101585,EXP,0.35
13,135.2315979444819,99.99982044067744,EXP,0.35
14,197.5048585767945,99.99994120338967,EXP,0.35
15,129.7461429804204,99.99997147457618,EXP,0.35
16,177.6995118324678,99.99998764406777,EXP,0.35
17,128.77884807506274,99.99999218644065,EXP,0.35
18,144.3082663942749,99.9999941694915,EXP,0.35
19,198.33912374234416,99.99999772881355,EXP,0.35
20,190.31803357181693,100,EXP,0.35
1,38.00593569388189,45.046284606557194,SDG,0.35
2,43.802915385324006,77.79184456167499,SDG,0.35
3,48.58115962868833,92.25312307669489,SDG,0.35
4,57.79841236921557,98.13313171946584,SDG,0.35
5,63.87453690017153,99.62816574389961,SDG,0.35
6,67.01041422961087,99.93014965425337,SDG,0.35
7,70.41769339911217,99.98774376358513,SDG,0.35
8,76.52668150089367,99.99627774543899,SDG,0.35
9,133.6794618979849,99.99831134544749,SDG,0.35
10,220.42791326629293,99.99911478181448,SDG,0.35
11,234.05625880021975,99.99957552727096,SDG,0.35
12,242.62093343841227,99.99981090909013,SDG,0.35
13,256.3320791539072,99.9999232181815,SDG,0.35
14,238.43511711069235,99.99997276363626,SDG,0.35
15,277.23046676120345,99.99998923636359,SDG,0.35
16,234.93130585571458,99.99999438181817,SDG,0.35
17,177.11758575804743,99.99999625454545,SDG,0.35
18,203.20933253338512,99.9999971090909,SDG,0.35
19,174.79810622932703,99.9999988,SDG,0.35
20,235.37466849238734,100,SDG,0.35
1,32.66970862006019,48.926368066340835,EXP,0.4
2,46.37318923069964,76.85769513811212,EXP,0.4
3,56.77344219016868,93.3044034654975,EXP,0.4
4,61.578096760655654,98.9299658968542,EXP,0.4
5,75.38116116509646,99.85433847437876,EXP,0.4
6,71.4423354299036,99.97553384742446,EXP,0.4
7,111.91993481218432,99.9923867457524,EXP,0.4
8,114.79421331219808,99.99563364406188,EXP,0.4
9,172.38893281973532,99.99771193220029,EXP,0.4
10,189.28783872357656,99.99871106779487,EXP,0.4
11,173.55576441249622,99.9993762711856,EXP,0.4
12,177.8844584972494,99.99972401694878,EXP,0.4
13,153.56394975771806,99.99987352542357,EXP,0.4
14,163.61290845735707,99.99995947457622,EXP,0.4
15,120.1864983325058,99.99997842372879,EXP,0.4
16,147.2035245756101,99.99999022033897,EXP,0.4
17,116.2449538175537,99.99999372881355,EXP,0.4
18,152.1291536186204,99.99999491525423,EXP,0.4
19,213.47480208489645,99.99999847457627,EXP,0.4
20,183.14979783266838,100,EXP,0.4
1,35.22965643622465,51.402483657095424,SDG,0.4
2,47.625752039994204,84.13708717115833,SDG,0.4
3,53.19852490346442,95.70866397401575,SDG,0.4
4,61.624044226797395,99.23844779861535,SDG,0.4
5,70.77834125967401,99.88901876343458,SDG,0.4
6,71.90377366760178,99.98244392724081,SDG,0.4
7,75.38755967258787,99.99595547271993,SDG,0.4
8,116.91423333656026,99.99786909090521,SDG,0.4
9,155.51595378721504,99.99892767272532,SDG,0.4
10,204.60993781329003,99.99939301818071,SDG,0.4
11,185.34701872668919,99.99972503636313,SDG,0.4
12,194.95328062569413,99.99987543636341,SDG,0.4
13,212.9842829287795,99.99994954545444,SDG,0.4
14,175.38096210726488,99.99998225454542,SDG,0.4
15,256.5899143909849,99.99999163636362,SDG,0.4
16,154.46542849400217,99.99999505454544,SDG,0.4
17,113.72584793759086,99.99999696363636,SDG,0.4
18,218.68277590153875,99.99999743636363,SDG,0.4
19,129.67552097732533,99.99999925454544,SDG,0.4
20,231.22423849506544,100,SDG,0.4
1,28.88640868988974,56.25117720127398,EXP,0.45
2,50.07450515087992,83.60528872380915,EXP,0.45
3,64.11067413574153,96.3418350591162,EXP,0.45
4,68.52271144570095,99.5617327616719,EXP,0.45
5,85.41240731845117,99.95016447445802,EXP,0.45
6,81.18700673921731,99.98800074573423,EXP,0.45
7,155.18158648692963,99.99484586439455,EXP,0.45
8,143.26957510922935,99.99638849151685,EXP,0.45
9,186.9606727362478,99.99827611863998,EXP,0.45
10,165.83695506293063,99.99893299999746,EXP,0.45
11,186.86999550245244,99.99953444067685,EXP,0.45
12,150.24679806648115,99.99977916949099,EXP,0.45
13,174.46344359564688,99.99990352542349,EXP,0.45
14,137.79458158852034,99.99996837288127,EXP,0.45
15,130.86281563147318,99.99998137288131,EXP,0.45
16,133.8955119067133,99.99999089830506,EXP,0.45
17,100.56547018287863,99.99999428813557,EXP,0.45
18,154.23798824897574,99.99999508474575,EXP,0.45
19,184.47742655576366,99.99999910169491,EXP,0.45
20,183.37937115141116,100,EXP,0.45
1,32.51034998484036,57.538353712335486,SDG,0.45
2,52.428555761629426,89.04074312752121,SDG,0.45
3,57.56640065930494,97.7503673054097,SDG,0.45
4,64.47299959915146,99.70605690860992,SDG,0.45
5,79.51235466566355,99.96589889085328,SDG,0.45
6,77.61914000752972,99.99281789089733,SDG,0.45
7,76.39593143655837,99.99735639999568,SDG,0.45
8,143.66655756849994,99.99814159999696,SDG,0.45
9,110.84710144671226,99.99916063636226,SDG,0.45
10,157.60507483798102,99.99947267272641,SDG,0.45
11,124.60699977177107,99.99978669090875,SDG,0.45
12,134.87506950150302,99.99989699999983,SDG,0.45
13,154.53562146347898,99.99995814545449,SDG,0.45
14,108.89526794912243,99.9999848181818,SDG,0.45
15,228.7161743786763,99.99999098181817,SDG,0.45
16,89.58463794313948,99.99999427272726,SDG,0.45
17,69.9832519189253,99.99999674545454,SDG,0.45
18,214.53943469103683,99.99999705454545,SDG,0.45
19,85.99002792423084,99.99999954545454,SDG,0.45
20,219.25800800443773,100,SDG,0.45
1,25.449598035286442,63.1106214762322,EXP,0.5
2,54.8628256510809,88.78652722382787,EXP,0.5
3,71.27601652879538,98.09300699482849,EXP,0.5
4,75.02786320443498,99.82184501646601,EXP,0.5
5,96.07152260394052,99.97885566095961,EXP,0.5
6,92.66084232891791,99.99066420336452,EXP,0.5
7,156.39149073390993,99.99573316947996,EXP,0.5
8,143.48527599223638,99.99665818643162,EXP,0.5
9,166.8840530951616,99.99858493219955,EXP,0.5
10,139.6908197347244,99.99903050847195,EXP,0.5
11,171.218064508741,99.99962608474475,EXP,0.5
12,125.0611887168478,99.999807169491,EXP,0.5
13,172.2546206272459,99.99992072881335,EXP,0.5
14,120.28778896383838,99.99997289830502,EXP,0.5
15,152.59253788664043,99.9999823050847,EXP,0.5
16,127.74353804063989,99.99999062711863,EXP,0.5
17,79.38250538703315,99.99999440677966,EXP,0.5
18,168.8353161654111,99.99999491525423,EXP,0.5
19,148.61182874186,99.9999993898305,EXP,0.5
20,163.93677461347215,100,EXP,0.5
1,29.80819507675121,63.29408304350792,SDG,0.5
2,58.10623542999793,92.60865773944651,SDG,0.5
3,61.644706060992824,98.85977515990471,SDG,0.5
4,66.57862311929034,99.8864099450828,SDG,0.5
5,90.21676481188707,99.98626770904598,SDG,0.5
6,83.62319937437752,99.99400518179857,SDG,0.5
7,65.81958322171388,99.99743276362797,SDG,0.5
8,114.48239885913891,99.9979381454478,SDG,0.5
9,75.35487407365595,99.99918919999735,SDG,0.5
10,103.82857253177087,99.99942870908906,SDG,0.5
11,81.5071780444736,99.99979925454481,SDG,0.5
12,84.14371657490399,99.99989434545421,SDG,0.5
13,100.58937272751163,99.99995856363624,SDG,0.5
14,72.2920196101684,99.99998479999996,SDG,0.5
15,200.63910948618351,99.9999892181818,SDG,0.5
16,76.37122406904884,99.9999930181818,SDG,0.5
17,49.10649482449089,99.99999616363637,SDG,0.5
18,264.27498905736394,99.99999629090908,SDG,0.5
19,65.09893690327301,99.99999970909091,SDG,0.5
20,205.74784549522244,100.00000000000003,SDG,0.5
