w,R2,pseudo_F,p,n_pairs,n_sig_pairs_holm_05,n_sig_pairs_holm_01,n_sig_pairs_raw_05,median_neglog10_p_raw,n_pairs_at_p_floor,p_raw_Bifacial_adjacent_Bifacial_independent,p_raw_Bifacial_adjacent_Core_on_flake,p_raw_Bifacial_adjacent_Multifacial,p_raw_Bifacial_adjacent_Unifacial_centripetal,p_raw_Bifacial_adjacent_Unifacial_unidirection,p_raw_Bifacial_independent_Core_on_flake,p_raw_Bifacial_independent_Multifacial,p_raw_Bifacial_independent_Unifacial_centripetal,p_raw_Bifacial_independent_Unifacial_unidirection,p_raw_Core_on_flake_Multifacial,p_raw_Core_on_flake_Unifacial_centripetal,p_raw_Core_on_flake_Unifacial_unidirection,p_raw_Multifacial_Unifacial_centripetal,p_raw_Multifacial_Unifacial_unidirection,p_raw_Unifacial_centripetal_Unifacial_unidirection
0,0.1678519858912416,1.7750417603590836,0.0378,15,0,0,2,0.8887374863409346,0,0.1665,0.058,0.8925,0.4949,0.0388,0.6197,0.2171,0.4533,0.0688,0.1463,0.1161,0.1118,0.1292,0.0448,0.0962
0.05,0.16884448186080156,1.7876695852318374,0.032,15,0,0,2,0.8758219445253249,0,0.1665,0.0561,0.782,0.4463,0.0308,0.5997,0.1805,0.4006,0.0581,0.1526,0.1196,0.1156,0.1331,0.0456,0.0965
0.1,0.1698369778303614,1.8003276043314,0.0265,15,0,0,3,0.8758219445253249,0,0.1623,0.0552,0.6558,0.3992,0.0242,0.5645,0.1331,0.3358,0.0443,0.1599,0.1232,0.1194,0.138,0.047,0.0982
0.15000000000000002,0.1708294737999212,1.8130159260829304,0.0208,15,0,0,2,0.893129455521346,0,0.1582,0.054,0.5252,0.3489,0.0194,0.5114,0.1014,0.2668,0.0369,0.1682,0.1279,0.1231,0.1431,0.0502,0.1002
0.2,0.1718219697694811,1.825734659431339,0.0165,15,0,0,3,0.8833922560117515,0,0.1546,0.0493,0.4058,0.3044,0.0154,0.4601,0.0901,0.2048,0.0244,0.1775,0.1308,0.1291,0.149,0.0524,0.1028
0.25,0.17281446573904102,1.8384839138444027,0.0123,15,0,0,3,0.870954940112042,0,0.1506,0.0469,0.3035,0.2642,0.0122,0.4065,0.0705,0.1508,0.0113,0.191,0.1331,0.1346,0.1577,0.0555,0.1039
0.30000000000000004,0.1738069617086009,1.851263799315907,0.0099,15,0,0,4,0.8623294627632448,0,0.1552,0.0454,0.2208,0.2258,0.0095,0.3889,0.0488,0.1125,0.0047,0.2085,0.1373,0.1468,0.1693,0.0615,0.1081
0.35000000000000003,0.17479945767816077,1.8640744263688116,0.0074,15,0,0,4,0.845576026885353,0,0.1546,0.0414,0.1544,0.1902,0.0067,0.3708,0.0383,0.0864,0.0047,0.2281,0.1427,0.1596,0.1857,0.0681,0.1124
0.4,0.1757919536477207,1.8769159060584364,0.0059,15,0,0,4,0.9233595563296582,0,0.1469,0.0373,0.107,0.1578,0.0045,0.3152,0.0324,0.0676,0.0047,0.2521,0.1515,0.1816,0.2045,0.0789,0.1193
0.45,0.17678444961728057,1.8897883499756656,0.0046,15,0,0,4,0.8934691461776186,0,0.147,0.0343,0.0737,0.1307,0.0035,0.2224,0.0247,0.0584,0.0047,0.2774,0.1625,0.2139,0.2255,0.0961,0.1278
0.5,0.17777694558684043,1.9026918702501872,0.004,15,1,0,5,0.9255492810454088,0,0.164,0.0329,0.0527,0.1082,0.0025,0.2211,0.0206,0.0479,0.0047,0.3156,0.1761,0.2547,0.2505,0.1187,0.1383
0.55,0.17876944155640032,1.9156265795537422,0.0034,15,1,0,6,0.8250684064715574,0,0.1778,0.0334,0.0387,0.0894,0.0023,0.2041,0.0184,0.0363,0.0047,0.3506,0.1973,0.3105,0.2765,0.1496,0.153
0.6000000000000001,0.17976193752596023,1.9285925911034107,0.0033,15,1,0,6,0.770574152079305,0,0.1696,0.0353,0.0296,0.0729,0.0019,0.186,0.0187,0.0277,0.0047,0.3941,0.2259,0.3836,0.3074,0.1887,0.1724
0.65,0.18075443349552012,1.9415900186649087,0.0033,15,1,0,6,0.7809396675511386,0,0.2065,0.0372,0.0239,0.0598,0.0015,0.1656,0.0197,0.019,0.0047,0.451,0.2664,0.4612,0.3402,0.2312,0.1948
0.7000000000000001,0.1817469294650799,1.954618976555918,0.0036,15,1,0,6,0.8904214530956133,0,0.2312,0.0448,0.0204,0.0509,0.0014,0.1287,0.0194,0.019,0.0098,0.5075,0.3165,0.5555,0.3781,0.2834,0.2247
0.71,0.18194542865899194,1.9572285618726752,0.004,15,1,0,7,0.9554602396075891,0,0.2311,0.0458,0.0198,0.0499,0.0017,0.1108,0.0194,0.019,0.0098,0.5177,0.3319,0.5679,0.3835,0.2945,0.2306
0.72,0.1821439278529039,1.9598394139174031,0.004,15,1,0,7,1.0404816230270018,0,0.2358,0.0489,0.0192,0.0482,0.0017,0.0911,0.0194,0.019,0.0098,0.5297,0.3437,0.5832,0.391,0.3066,0.2382
0.73,0.1823424270468158,1.962451533612657,0.0042,15,1,0,6,1.0404816230270018,0,0.2411,0.051,0.0185,0.0467,0.0016,0.0911,0.0194,0.019,0.0098,0.5436,0.3575,0.6012,0.3988,0.3175,0.2443
0.74,0.1825409262407278,1.9650649218818879,0.0043,15,1,0,6,1.0404816230270018,0,0.2411,0.0546,0.0182,0.0452,0.0016,0.0911,0.0194,0.0212,0.0098,0.5581,0.3682,0.6171,0.4069,0.3307,0.2512
0.75,0.1827394254346398,1.9676795796494433,0.0044,15,1,0,6,1.0404816230270018,0,0.2411,0.0572,0.0179,0.0436,0.0019,0.0911,0.0194,0.0212,0.0098,0.5703,0.38,0.6324,0.415,0.3427,0.2564
0.76,0.18293792462855182,1.970295507840568,0.0045,15,1,0,6,1.0404816230270018,0,0.2411,0.0584,0.0176,0.0433,0.0019,0.0911,0.0194,0.0212,0.0098,0.5803,0.3994,0.6615,0.4221,0.3546,0.2635
0.77,0.18313642382246378,1.9729127073814072,0.0045,15,1,0,6,1.0404816230270018,0,0.2491,0.0584,0.0173,0.0421,0.0019,0.0911,0.0194,0.0212,0.0098,0.5912,0.4135,0.6802,0.4285,0.3721,0.2705
0.78,0.18333492301637577,1.9755311791990064,0.0046,15,1,0,6,1.0404816230270018,0,0.2491,0.0612,0.0171,0.0409,0.0021,0.0911,0.0194,0.021,0.0098,0.6034,0.4321,0.7039,0.4352,0.3853,0.279
0.79,0.18353342221028768,1.9781509242213127,0.0046,15,1,0,6,1.0404816230270018,0,0.2491,0.063,0.0167,0.0396,0.0021,0.0911,0.0194,0.021,0.0098,0.6177,0.4459,0.7258,0.4423,0.4,0.2859
0.8,0.18373192140419975,1.9807719433771767,0.0047,15,1,0,6,1.0404816230270018,0,0.2491,0.067,0.0165,0.0392,0.002,0.0911,0.0194,0.021,0.0098,0.6293,0.4649,0.7427,0.4507,0.4143,0.2916
0.8500000000000001,0.18472441737375958,1.9938961837329083,0.0057,15,1,0,6,1.0404816230270018,0,0.2587,0.0847,0.0153,0.0372,0.0022,0.0911,0.0194,0.021,0.0098,0.6945,0.558,0.82,0.4888,0.4844,0.3273
0.9,0.1857169133433195,2.0070524172759487,0.0073,15,1,0,6,1.0241088635982072,0,0.276,0.0946,0.0143,0.035,0.0023,0.0911,0.0214,0.0156,0.0098,0.752,0.655,0.8806,0.5277,0.5597,0.3709
0.9500000000000001,0.18670940931287947,2.020240761134578,0.0091,15,1,0,6,0.9792245118064422,0,0.3026,0.1049,0.0134,0.0338,0.0024,0.0911,0.0214,0.0156,0.0159,0.8067,0.7543,0.9332,0.5658,0.6336,0.4156
1,0.1877019052824393,2.0334613330095217,0.0107,15,1,0,6,0.9396799713117148,0,0.3279,0.1149,0.0127,0.0325,0.0024,0.0911,0.0223,0.0156,0.0159,0.8524,0.8338,0.962,0.6018,0.7019,0.4558
