ID,n_faces_original,n_faces_decimated,power_l0,power_l1,power_l2,power_l3,power_l4,power_l5,power_l6,power_l7,power_l8,power_l9,power_l10,power_l11,power_l12,power_l13,power_l14,power_l15,power_l16,power_l17,power_l18,power_l19,power_l20
EXP01_Levallois preferential,492608,20000,0.0,0.07781000627812544,0.6675408126831271,0.08378556928270363,0.08656160586134516,0.046403973068308985,0.005930591339795176,0.015020972295056981,0.003844500756682293,0.00340841954797481,0.002103644486782645,0.0014484067051655396,0.0013756589469124342,0.0009184861573043731,0.0009921414822701008,0.0006547121018235585,0.0006683599740730689,0.0004767540476010933,0.0004158180126169553,0.0003164499724131524,0.00032311699991746206
EXP02_Cylindrical bidirectional,492462,20000,0.0,0.17228172561310975,0.5721538968512465,0.1107896243301989,0.052261076122503386,0.04017235160505183,0.017088734496582474,0.008432710280995785,0.0060696546349391775,0.007861915057625663,0.002188028718429036,0.0036654477701415704,0.001179325760288043,0.0014954897400929438,0.0005742906926601155,0.001594552430622204,0.00044630565373619764,0.0006305638303483773,0.0005872908471253092,0.00028044142407922137,0.00024657414022360584
EXP03_Conical unidirectional,389924,20000,0.0,0.8003765257804152,0.08311769801285458,0.03581530018357851,0.051950655169635346,0.010128145047713867,0.0031690634450091777,0.005936810233740137,0.0022136632188204854,0.0025008771961453533,0.0010353015973610029,0.0016354756053133515,0.00044078306914888376,0.00026595281551315306,0.00037207640293874454,0.00021802739778097063,0.0003317838056623524,0.00014605369892299993,0.00019063949874356355,8.780329037897836e-05,6.736453032350875e-05
EXP04_Levallois preferential,493228,20000,0.0,0.3634392486735132,0.4929361577642787,0.017958158122287137,0.07131747887694065,0.01688592453299949,0.015996729401491216,0.0076882100969545295,0.004181002192897995,0.0025992039775662346,0.0019075513810018357,0.0012713779190700349,0.0009167905515713818,0.0007667807929096443,0.0005431925763436374,0.00033829049610770607,0.0003764069587925241,0.00025530877387516544,0.00022937882852049507,0.00024278492673632192,0.0001500231561422256
EXP05_Levallois preferential,382298,20000,0.0,0.1907061526095721,0.4956739169725586,0.18731416145358862,0.050573885862995285,0.03384958821313351,0.006415515232272519,0.011502951478242974,0.0072618171899342734,0.004033636745369954,0.0033305607502727443,0.0018171313710753547,0.0022605566456028294,0.0010203820050413929,0.0009256137141399227,0.0010689305818118145,0.0005571392835182349,0.0006006457371882306,0.00038886411087871365,0.000349304667446128,0.00034924537535723453
EXP06_Levallois convergent,768016,20000,0.0,0.8073464189627582,0.05212096592034879,0.06860031850392878,0.03526301834421122,0.012643947935885724,0.0095959220560456,0.0036454159527562796,0.0033649962513923083,0.002099183406473527,0.0014117927196104284,0.0011878723608240531,0.0007003485348587241,0.0005853508069128688,0.00042095956444807166,0.00024402949296549497,0.00022406916491567237,0.00015088959004367302,0.00015200388977042837,0.00013346224909249036,0.00010903429275780606
EXP07_Levallois preferential,499182,20000,0.0,0.2581935087069412,0.5610597203702085,0.03444612301685829,0.0960746325578721,0.007230696173575822,0.021480886454833734,0.005783664806355961,0.005404254334512913,0.0034058692843130676,0.0018879607693888813,0.0016551482419353448,0.000857872932644532,0.0007364242717139087,0.00041370417225743345,0.00037914135462870096,0.00025798278353149774,0.00024700688057669286,0.00017248954149827556,0.00017627504218149442,0.00013663830417189054
EXP08_Levallois preferential,490300,20000,0.0,0.08261337729076053,0.49714421033627954,0.2895861056864202,0.021389443561438622,0.05030184562495282,0.02287264536940245,0.009530030909398078,0.009181533685023769,0.002428492224430056,0.005721064498836353,0.001981419556168094,0.0011192210754282577,0.0020926726490247466,0.0006486393665344934,0.0008834611715252271,0.0008287261037775801,0.0005734617128947064,0.0005306289031483087,0.000348029145318109,0.0002249911292382149
EXP09_Levallois preferential,290334,20000,0.0,0.05549049172188728,0.6626428730620612,0.09832191483961508,0.0856614334701005,0.04436499751044278,0.0155813072915277,0.017198518785204564,0.00393254036323037,0.004685406445528051,0.003126552448444989,0.0028348484869252107,0.0012977083478809637,0.000745566723064018,0.0011342848609612191,0.0008310311464136809,0.0006698948451445798,0.0003995160062688967,0.00039934486012060304,0.00025952507371750604,0.00042224371146082893
EXP10_Cylindrical unidirectional,508202,20000,0.0,0.7364008427027773,0.140575238866251,0.02506213212913697,0.01656482528490108,0.02609001913977202,0.019465708715425103,0.016558689414288175,0.005262370647597365,0.002705361286681162,0.002790031074323356,0.0016506140655953069,0.0025387526050093707,0.0009652490790432491,0.0008718516898093027,0.000676103910047269,0.00045508445860444123,0.000520854106849642,0.0003770140210978325,0.00020973717463195838,0.00025951962815816984
EXP11_Cylindrical bidirectional,519538,20000,0.0,0.26747313818347396,0.5239784560677895,0.07046974513817164,0.025594393997345772,0.04671607728680584,0.027723370067306984,0.008505288336248858,0.00851718825735781,0.004392998369725638,0.004962996753828412,0.002875138286845462,0.0019884638921765607,0.0021030099648828918,0.0006045038958557852,0.0013755925040371789,0.0006796722961873108,0.0007561309259744942,0.000530122194173476,0.00045790266475460243,0.00029581091705795
EXP12_Discoid,498056,20000,0.0,0.6285812350687721,0.25293230097392455,0.008631969183211064,0.0655734368980764,0.010269460838661381,0.01373028406351044,0.003600168148446776,0.005573938945730007,0.0018252752198030437,0.0024122036516624717,0.0018850593744840485,0.0018311788184161833,0.0006811389758688248,0.0005756380065823778,0.0004951359078814874,0.0004383703041664796,0.00027696347932475537,0.00031289139791400533,0.00020387013704162093,0.00016948060652208395
EXP13_Conical unidirectional,426748,20000,0.0,0.7029106100345706,0.1919797869182497,0.06913362366019057,0.006941326685600863,0.012590747804063912,0.004665204091694967,0.003750453884687528,0.003144207916834195,0.0013998036184597747,0.0008993465030343631,0.000859704725980562,0.0004797051706296468,0.0002991628558832962,0.00021279001255588426,0.00018346384392875582,8.676409468852259e-05,0.00016483606840835715,6.56777625194497e-05,0.00013830733587481036,9.447701214430963e-05
EXP14_Levallois convergent,496416,20000,0.0,0.11788449288679036,0.707157822391432,0.044633038575033396,0.05321748579990164,0.030361312269499605,0.012237412914731193,0.010601148518273791,0.00743815158761443,0.004427118918879596,0.002719906470692458,0.002960067308799861,0.001465383537101922,0.0013118325660771621,0.0008617313968637009,0.0007566150556995486,0.0006018655936147442,0.0005978793190423547,0.00025718156636898816,0.00029795421911333177,0.00021159910446990785
EXP15_Levallois convergent,496139,20000,0.0,0.4534227158328742,0.3160191628650372,0.12478842345974119,0.05877185493086132,0.020080251242510304,0.00941599366051163,0.006244068402345086,0.0029394000306045714,0.0021472887122591273,0.0019129981298679406,0.0009233589237070754,0.0009754159970260609,0.0004335937401464157,0.0004479086519206474,0.0004629213218526544,0.00022208847760783702,0.00024012799422543367,0.00021311242679263352,0.00015684160881774723,0.0001824735912911362
EXP16_Discoid,495658,20000,0.0,0.541372337404484,0.3004238913568785,0.05256714541359658,0.05307856572929662,0.017846751658581277,0.010834530632123118,0.005008527719400718,0.004348787455948918,0.003960208654066556,0.0037596668335271046,0.0018594778338196355,0.0017066480326928086,0.0008599402388841167,0.0004884125521772869,0.0004982347662746843,0.0005108645139716599,0.0002665901028934609,0.00024419773886921275,0.00020569854267179534,0.00015952281984162834
EXP17_Discoid,323636,20000,0.0,0.7689472380914003,0.08428624137218525,0.09075906108431253,0.010668413309833,0.01906518923541597,0.005698581865807272,0.0054458210767515496,0.005946612590951391,0.0014470262061106929,0.0026806924518288484,0.0011837261477164358,0.0009826631484399107,0.0009575331533029788,0.0002935742249213591,0.0006190825450200283,0.0002461877289114833,0.00024605767735637037,0.00023302105308359823,0.00012230984192813086,0.00017096719472265885
EXP18_Discoid,157498,20000,0.0,0.5233993219912674,0.24144932527887186,0.1528679988495545,0.01805113003218747,0.02486609544990225,0.013745761613133635,0.006717908783455496,0.006870638190870754,0.0020396614384851994,0.0028505841816261032,0.0021072986395715113,0.0011171057724727784,0.0012126463273907568,0.000772293879274458,0.000605215153828286,0.0005042278888795465,0.00019094270801626198,0.0002797173012304448,0.00017480491713958124,0.00017732160284143568
EXP19_Levallois preferential,495350,20000,0.0,0.22604161303649914,0.5401494164405998,0.08297948773273219,0.08188049689682791,0.03125434673215982,0.011151398027449593,0.009707555381787676,0.002595537531977399,0.004697055528346433,0.002013462094943079,0.0019632322967421153,0.0014247889053492177,0.0009051832770753516,0.0009656929525062407,0.000671963958869857,0.0004374858284562014,0.0005287192133497819,0.0002388860344429974,0.0002637891204909947,0.00012988900939423333
EXP20_Cylindrical bidirectional,452282,20000,0.0,0.07123744916777132,0.728974825009889,0.053351960755159654,0.07192234205144002,0.01643503517852847,0.022337629546827283,0.011307014086294205,0.00865869495636729,0.003597971568883107,0.0024331623396812736,0.0018430871700120509,0.0022767860419344766,0.0016910191648313812,0.0010705018607363814,0.0006157997643779836,0.000707634964132142,0.0002940047233394885,0.0004848762310392078,0.00031760965894072745,0.0004425957598144016
EXP21_Levallois preferential,495876,20000,0.0,0.5051846393542259,0.29770506278110626,0.0676403112469341,0.06761914338403464,0.0070507461617536306,0.024040051473988903,0.0061811274131185,0.0062964424852782995,0.004767081017176778,0.002469979361841887,0.0037233853058681317,0.0013539943550269825,0.0016156083585094343,0.0011044296019748416,0.0006599302227013438,0.0009331389064430996,0.00040885345025922507,0.0005284997295414608,0.0003951155239624142,0.00032245986625436873
EXP22_Cylindrical unidirectional,496343,20000,0.0,0.8305570614597011,0.039591564869321395,0.07563861604217453,0.009416700257732622,0.01757713164550044,0.011930714347340944,0.0025372998814314584,0.0056165205773029015,0.0020485507707388786,0.0010535274676649682,0.0013258359818871792,0.0005043460548233247,0.00059918778803576,0.00034717484215086885,0.0002880606805074962,0.0003947051414375186,0.00016761949468537156,0.0001902484487575031,0.00013549270187411143,7.964154693148389e-05
EXP23_Cylindrical unidirectional,311360,20000,0.0,0.19985875793327257,0.5519570870404726,0.09167995996084952,0.0753250791835762,0.018230369570436486,0.01849417643327669,0.014888932819449478,0.006737386024235867,0.005625083393068591,0.0036802506717692773,0.003458354484751869,0.002026966782028482,0.0017309394919691418,0.0017667953314181501,0.001161176164226684,0.0010209356452372165,0.0006735670354262181,0.0005832548089446169,0.0006223859911635171,0.00047854123442682016
EXP24_Cylindrical unidirectional,497498,20000,0.0,0.07018468742182822,0.4644495841318073,0.21651907922975971,0.05776582863658827,0.10103153639525618,0.03679423605387446,0.006925126333484633,0.012423014254807433,0.012987447543952774,0.004126894109131973,0.004717768119529435,0.0037923566298041045,0.0015801908315528003,0.0024659809023055376,0.0012194668831774999,0.0008250739682350122,0.0007539293560811462,0.0006903932321685674,0.00045577872660363994,0.0002916272400509008
EXP25_Levallois Nubian,496464,20000,0.0,0.5327371062841233,0.25710808661988543,0.09646181266394369,0.05123475757989451,0.016462623811195988,0.021890842478580152,0.0035953697132996907,0.009278230686037434,0.0017740302690861872,0.0035443209776360144,0.001168535016984074,0.0012246001440297965,0.0007692261325738427,0.0005292877614176308,0.00064475744181033,0.0003487365438963297,0.00047116281553672486,0.0002484136226123013,0.0003324166424516252,0.00017568279500526586
EXP26_Levallois recurrent,282224,20000,0.0,0.12698911686612802,0.5166647029553715,0.18563522167470417,0.0635617111418376,0.04231022743089723,0.024022590923315993,0.01503667673618987,0.004785994527130512,0.007838561168497005,0.0021516140143732045,0.0021614431387615932,0.002069865205055179,0.001310403304568634,0.0013833301293900556,0.0007482505823123135,0.0012622316334725602,0.0006624619588294037,0.0005648522230307043,0.0005252497508546291,0.00031549463527971825
EXP27_Levallois convergent,510634,20000,0.0,0.4263771932026265,0.4272771420875438,0.04683421733884174,0.05711980139510391,0.006189849621715578,0.017299818424790774,0.0016917796642586063,0.00770504926700725,0.0009992407975661696,0.0037984913339089263,0.0006021927126356972,0.0013789589863323116,0.00045136190372957257,0.0007626416337787827,0.00031494708731161274,0.00039944105482254895,0.0002197033393193248,0.0002654446275310839,0.00016014141517433676,0.00015258410600140862
EXP28_Levallois convergent,491570,20000,0.0,0.505175563553888,0.34328898138734953,0.0787711013542028,0.03781870663941466,0.010793344646157726,0.008873602546241914,0.0032769660345473876,0.002940867284644038,0.0014686291221703276,0.0020545271544908698,0.0009150007992690708,0.0011673856972125173,0.0006897354859245427,0.0007337868688042941,0.0005346587805941088,0.00045771422910430846,0.00040263483489544815,0.00023138070417328126,0.00024960064437575,0.00015581223253943784
EXP29_Levallois preferential,495990,20000,0.0,0.414089968570969,0.3605381653923068,0.08224773490551572,0.07498365214414893,0.020215459698738957,0.021971534399534868,0.004414201724763638,0.007143983309628615,0.0035005409674336505,0.003661120443660487,0.0013189060289116878,0.0018289544831497841,0.0006942799447276744,0.0009779539990536334,0.0006028536575751899,0.0004410063818614343,0.0005281651095660592,0.00024304789095623355,0.00037423854619976553,0.00022423240129805703
EXP30_Levallois Nubian,495722,20000,0.0,0.1225926944364152,0.7151891254350654,0.024090047931535883,0.09513999712183038,0.006011310630374248,0.0181632513731212,0.0023103457597638804,0.006877262536386578,0.001422101937347673,0.0026838005642574317,0.0008067339427565571,0.0011572017394723437,0.0005817959607742982,0.0007984857725270464,0.00044085406097645437,0.00057924655021486,0.0003813681004756849,0.000329732703505676,0.0002727987483158685,0.00017184469488369078
EXP31_Levallois laminar,294362,20000,0.0,0.054180132091142835,0.7098405888437334,0.060230650993966156,0.07962769008190937,0.05219111354554891,0.006287970775135765,0.02060619199429903,0.002054817674039274,0.00601499024965705,0.002538033296608719,0.001378509577457475,0.0014964085987334377,0.0006453913646963044,0.0008246086947308579,0.0003690798996009085,0.0004247324655007809,0.0003641022366129432,0.0004337728532123529,0.00019254994921298816,0.0002986648142012825
EXP32_Conical unidirectional,491874,20000,0.0,0.40881200591204336,0.30018863021328396,0.1327443699260772,0.06689142997343922,0.03801742733699078,0.012887705302097032,0.014478132488330202,0.008472239936486438,0.005615479769996413,0.0028426418880146405,0.0022617061564871818,0.0020938636144557463,0.0013692338524648017,0.0007359002280539088,0.0008764689607403155,0.0006278842828239941,0.0002751180008798496,0.00035650172522275604,0.00029566628313266075,0.00015759414897960407
EXP33_Cylindrical bidirectional,493970,20000,0.0,0.2668276100128586,0.5705155462035554,0.06132687648670833,0.040053655822344394,0.014913181225497974,0.017183267782505424,0.0070513266346319105,0.007472416200289147,0.00372849349913075,0.0022031311854371098,0.001594430651029021,0.0014284674413742831,0.0014242900376141008,0.000987355382526458,0.0012262395794755763,0.0007659416761879219,0.0006070445692592748,0.0002888515743255821,0.00027765257529598064,0.00012422145995290765
EXP34_Multiplatform,494522,20000,0.0,0.18204763179167857,0.45800145153646826,0.06133593299140577,0.12501016729642364,0.04256180967789999,0.08062526937196,0.014809019852967967,0.009165557170810988,0.005068830136068393,0.0058627578894443425,0.0052500967260356995,0.0025488320626211856,0.002746426177115646,0.0011250267222181894,0.0008706184243112673,0.0006618763894631638,0.0009464076344152609,0.0006361777248636976,0.0004469388816390831,0.00027917154218872305
EXP35_Levallois laminar,496306,20000,0.0,0.13692635185612714,0.7361559250645581,0.01595577302153612,0.04614629579547848,0.012392106939143369,0.0193158620334776,0.012127091244299261,0.008316644916323739,0.004740392843825411,0.0020034235348520193,0.0015353415375494064,0.001063803954721427,0.0008248848095792082,0.000807824327845254,0.00048680898353507124,0.00040089229975723186,0.0002216261936618947,0.00023875545343842721,0.00021968831944604384,0.00012050687084481222
EXP36_Conical unidirectional,495606,20000,0.0,0.10869804144804379,0.36248341929587996,0.2205634434493598,0.15158367175410184,0.058282092668218786,0.03573658805140694,0.0068610486137668,0.021672640555234254,0.010524796005328128,0.004209846594143254,0.00406686029448949,0.00596156746842024,0.002217782857225801,0.001804903612678154,0.0015632539598879952,0.0015578250357676637,0.0006440377294437284,0.0006332719470795594,0.0006213223947205888,0.0003135862648033143
EXP37_Conical unidirectional,499654,20000,0.0,0.6446319310045671,0.16004742134761357,0.1165683769022551,0.023560767436649234,0.024218415902506216,0.010157310049980299,0.005224351479866119,0.0055115693433388435,0.0018747331352158023,0.002126974228435754,0.0016447037240814994,0.0010585090267442208,0.0008871532566466022,0.000644587129760656,0.0006129148906463759,0.0003012977242104267,0.0003013989489485851,0.00018775018553104437,0.0002435794508260125,0.00019625483217674167
EXP38_Multiplatform,498326,20000,0.0,0.42912114733370166,0.37170014969520887,0.1014546458840251,0.04680462612181765,0.011723593527068643,0.010123266182489774,0.008747019502143393,0.004347044549504918,0.00585774366516873,0.0019444069266628856,0.0021438965928925586,0.001419406403006817,0.001000101666248819,0.000958045673974243,0.0007415978316107849,0.0005436178982082319,0.00044621280242987805,0.00038415578869332187,0.00021489734584862423,0.00032442460929491836
EXP39_Multiplatform,498306,20000,0.0,0.5092357591152286,0.2051602855002928,0.13389246219692158,0.05307694292299805,0.05188751008188959,0.007538644215433024,0.011891719383474417,0.006095285419651367,0.004470973261836115,0.004011226632722602,0.0030276119682961034,0.003129035727516629,0.0015007086810822899,0.0016921492429425257,0.0007119622251088135,0.000634400430999131,0.0007425633830926825,0.00040865701148932803,0.00048257494610441903,0.00040952765291992475
EXP40_Conical unidirectional,463702,20000,0.0,0.5652664819244342,0.3175014117040552,0.01349347495185511,0.03281637494678042,0.03740117863407368,0.006809540238869192,0.010595553240448318,0.003454422356219764,0.002769348753357437,0.003534349374045185,0.0012218392233822764,0.0005736548596624184,0.0011732853670610446,0.0010138821897216566,0.00042615983765905216,0.0004377553770301157,0.0005146977760783899,0.0005205653943698622,0.0002585743738002013,0.0002174494770966504
EXP41_Subconical unidirectional,280698,20000,0.0,0.28319849271332087,0.4595865219149417,0.1446895738254926,0.03587823212011801,0.03479086129125481,0.01166108401616959,0.008618438772886847,0.006776063956154483,0.003755464886899869,0.0027464310487595365,0.0017611557616466116,0.0018669573157266187,0.0011126596293568058,0.0011045525016008509,0.0006640179814718729,0.0005082843404831195,0.000412512673742556,0.00033846977774667694,0.00028631558215852124,0.00024390989006816807
EXP42_Multiplatform,439692,20000,0.0,0.33000850469566806,0.20405913637878398,0.2080808880042434,0.1488834300387262,0.02834355568171725,0.022748482773842015,0.017361874285525488,0.007070560849149097,0.008107363023302318,0.009000787025218648,0.003381185292170608,0.0019274221050258919,0.002691149893371413,0.0027132671521565258,0.0018324447805296265,0.0010044481417338534,0.0008331067282775857,0.000729198827271304,0.0006138025718719655,0.0006093917514148913
EXP43_Biface,189134,20000,0.0,0.060212635949115044,0.7300649747859642,0.018851031053532377,0.1132988975709922,0.012203376031421123,0.03090287611100259,0.006493860642643132,0.009687587577771987,0.0034758810168951113,0.003428950600723385,0.002176301300453168,0.002465139988049027,0.0013576449767579936,0.001653575991139561,0.0007258957023734814,0.0010138649056080015,0.0005760314896675965,0.0006495066997001339,0.0003715694029686286,0.0003903982032213004
EXP44_Multiplatform,498134,20000,0.0,0.5253494839648508,0.22367128330875108,0.1315695742615721,0.02347062542810985,0.053851897284049724,0.010778136487931328,0.009137096578085563,0.010084998194964912,0.0024306044056135287,0.0029044484380232544,0.002206608863436755,0.0009491219971652977,0.0011544485803731182,0.0005594049268388727,0.0005438063440686469,0.0003419787588068788,0.0002618987827032941,0.0003002270666063278,0.0002027067599725963,0.000231649568075987
EXP45_Conical unidirectional,493944,20000,0.0,0.2604142045354594,0.12707531998088573,0.47806500922597533,0.025897698641462425,0.03353766034455281,0.04490856133943327,0.006238645628660751,0.007447676860477963,0.006323329092179027,0.002102152219865947,0.0026447124140942394,0.0015163453158047661,0.000691462292498672,0.001195830359520803,0.0003802579748560241,0.0005575169360297572,0.00028394725957338074,0.0002853479151056559,0.0002532081234993599,0.00018111354006469457
EXP46_Conical unidirectional,491804,20000,0.0,0.924200081964219,0.0036837006829782137,0.003731440569744758,0.03758778387607002,0.006584166356236737,0.01030618600520561,0.0009878460058530434,0.005475904813391658,0.0007471320473586826,0.0019487650956178846,0.0010463218390260693,0.0009912002171128865,0.0006439897489600651,0.00028322658769343176,0.0005866316872087646,0.00016884323251546737,0.0005273161267776795,0.00011853810201204732,0.00032287550699140635,5.804953502646038e-05
EXP47_Conical bidirectional,398114,20000,0.0,0.4172552430559967,0.28193512286438555,0.19370021876855614,0.0551008651810957,0.015900640017077264,0.013849810834680034,0.007630284336091216,0.0018298765586208345,0.004264817690715421,0.00218561612425349,0.0010793287224133453,0.0014933439535944225,0.0009427342962473879,0.0005617385698045714,0.0005057145740399162,0.0005701183938990637,0.0003392225323622093,0.00026525081358203895,0.00035321923473657224,0.00023683347784836847
EXP48_Multiplatform,498016,20000,0.0,0.401562657096025,0.3390916049244797,0.15911938114476776,0.04916237916116526,0.013554689149170126,0.01601237860130671,0.004831863365312724,0.003246241730555132,0.0033665247262967667,0.0019801865992419353,0.0019056639301731552,0.0016712862752769613,0.0011347341630190886,0.0008209315587241243,0.0007202458840144262,0.0003870767793320674,0.00035364880848481856,0.0005322290114493683,0.00035568270425837754,0.00019059438694652033
EXP49_Discoid,334312,20000,0.0,0.15632417811115892,0.638226350735646,0.02858764646746412,0.08911463844921565,0.023534698205026103,0.02687572362127212,0.011542644549595468,0.008191907438335656,0.0045737807752246375,0.0034389416512733747,0.002370779411804941,0.0017097057081923188,0.0013019390405047157,0.0010823380734641963,0.0006953139052837549,0.000642537701326622,0.0004888709808383984,0.0006736534771427916,0.0002656034685576695,0.00035874822867258487
EXP50_Multiplatform,246821,20000,0.0,0.8100533091361177,0.07040407949017145,0.07541791944790639,0.017970141681913136,0.005279187959841136,0.006593675609033949,0.004014958732958518,0.0017072464916929046,0.0020984370630580725,0.0017929627029165379,0.000800938237304368,0.0007842190313171839,0.0006922266295377653,0.00031281264198789073,0.0005370067606168071,0.000615150978934084,0.000379936837082756,0.000190836513018874,0.00021493540838692164,0.00014001864620328644
EXP51_Conical unidirectional,498710,20000,0.0,0.6925808039039232,0.0768666407362236,0.10229431337942882,0.04818223562138977,0.028128443403963744,0.014656139753203115,0.007909228015172552,0.00967355435318762,0.004915793871106283,0.0030582165426786103,0.0029941793529599616,0.0024371800178180567,0.001765117349657889,0.0009653746332170013,0.0007519343135329469,0.001070665773390777,0.0004383880838489744,0.0005454510226291018,0.00047968891744107296,0.000286650955226914
EXP52_Levallois preferential,497098,20000,0.0,0.7071460369386409,0.11039808305215917,0.09774203178654957,0.025373440866422084,0.00935077689813818,0.020377770357419833,0.0039886831628584175,0.010196294677207746,0.0025869531250094064,0.004420444128575036,0.0013662070347144684,0.0017380474980514624,0.0010641595169096707,0.0009751030086965903,0.0008363529782946227,0.0008350912958392961,0.00046962008030935933,0.0005603200695119581,0.00020109910917160258,0.00037348441552071163
EXP53_Levallois recurrent,495846,20000,0.0,0.16212870320020656,0.6235966885626386,0.041440962001307854,0.060523829589057575,0.03642875089427776,0.025333450624053153,0.016674861782156523,0.007862991944679962,0.007452112877403012,0.004620570949683075,0.0030489725940358097,0.0025071950964143555,0.0015164310328630328,0.0020281700214102084,0.001048796671728341,0.0009670860208537887,0.0011892512078507506,0.0006040692706193026,0.000535261705607074,0.0004918439531532015
EXP54_Multiplatform,372492,20000,0.0,0.6146029360996362,0.08349302887835254,0.13308543650702756,0.05259747418563678,0.058145277482322004,0.017409246568673032,0.006600489351239758,0.00892534895680944,0.006806533328526883,0.006034469970099764,0.002996477305777569,0.0015433049134256159,0.002325345705648722,0.001248798350359488,0.0010044458187980952,0.0008761466915387884,0.0007913164346568401,0.0006967370476526527,0.00047952120655202153,0.00033766519726618506
EXP55_Multiplatform,476294,20000,0.0,0.7293382641589786,0.17393580477057044,0.030684557840175573,0.02872793043782663,0.010954335205899621,0.006952882052149827,0.004849937404388238,0.00464516659024351,0.0030053389014608025,0.0016521902666546376,0.0013791409548983198,0.0007602520379435884,0.0008434165445484156,0.0004869779784083514,0.0004932655300086195,0.0004161517724106152,0.0002864216301546791,0.0002714640337049921,0.000142929179065363,0.00017357271050925436
EXP56_Multiplatform,499352,20000,0.0,0.27101186744403377,0.09637542830596084,0.30130263011811365,0.11182908592302959,0.09967464397410504,0.033859928280491745,0.028976154755264015,0.009689413580077116,0.008409526368475155,0.010272521476039896,0.005746938495610256,0.00821448180546364,0.003611799930608156,0.0020731432412642165,0.002396936162922203,0.001883648697704182,0.0016715803471215672,0.0013708444354537288,0.0007273793847149174,0.0009020472735464639
EXP57_Conical bidirectional,343708,20000,0.0,0.15855367799996506,0.21260146298987234,0.3320338280798321,0.10245691750907737,0.08632855578082525,0.03822148411462742,0.01956114802542952,0.015588918477605561,0.009139504939634734,0.004839163346030175,0.00628501492023186,0.004167781976372944,0.002465646848370907,0.002135801202141994,0.0017994344161613766,0.0011851649176180528,0.0008848662187108413,0.0008674779175770413,0.0003527119452931434,0.00053143837462223
EXP58_Conical unidirectional,435932,20000,0.0,0.3778377828563297,0.4669335801576401,0.055828857934595875,0.037750380212677466,0.018773771419921828,0.0181414317054066,0.006784536547829467,0.004428628803426451,0.003680820277922465,0.0026844267100723236,0.0025576382262628653,0.0006457614635412258,0.0012103511484322215,0.0007210597849493242,0.0005300610490251722,0.0003950412540105678,0.00042636898335484633,0.00023224829757569266,0.0001879474172230254,0.00024930574980270984
EXP59_Subconical unidirectional,499640,20000,0.0,0.2445671298624772,0.452166415746679,0.19423137063786522,0.029760243467156933,0.026685497764811657,0.01985082207989058,0.010068882276137895,0.006446203352518136,0.004388035354006131,0.002232184052938467,0.0027817836795191193,0.0015796369855052424,0.001563135177444431,0.000853599197168755,0.0007710557816233268,0.00048140885439266985,0.0005791190456058666,0.00035995872748844536,0.00030427164552823596,0.00032924631124260477
IM_Levallois_convergent,19572,19572,0.0,0.30527899391412255,0.48379443595445637,0.04107335272351637,0.09740198071581789,0.001099413909867814,0.04168132634167505,0.0009009093928602355,0.013252300737189802,0.0012697173757692543,0.005083775296279578,0.001142588947501151,0.0026547136889514445,0.0011694606817373129,0.0011334598532801723,0.0007091871967369408,0.0005739461844685896,0.0006108781314861202,0.00044756279691549316,0.0002872173170900584,0.00043477884027768595
IM_Levallois_laminar,19588,19588,0.0,0.3420366602364746,0.4377167513575486,0.051084327737174216,0.09064552558539749,0.00230691613068556,0.04197484413208914,0.0013973626741317347,0.013348534101157177,0.0023794518792754353,0.0049513934640442875,0.0022395731795444686,0.002620265749794084,0.0014801215087951074,0.0012654029164377012,0.001088142037865633,0.0008500058363178818,0.0008662907111188873,0.0007515734055570188,0.0005891184327753257,0.0004077389238156947
IM_Levallois_preferential,16166,16166,0.0,0.3030399363973613,0.4945523200835794,0.037915826073267704,0.09394777708713886,0.0019414574535008178,0.04004898924972805,0.0015206257861396135,0.010967834789127764,0.0023536184793249526,0.0036838183619398927,0.001997817741430878,0.0021379821836688814,0.001116545684552239,0.0010239653009887634,0.0005561562124077248,0.0008750652248618301,0.0005241952442444585,0.0008535145925454017,0.0005460469107538876,0.0003965071434377152
IM_Multiplatform,12,12,0.0,0.024539983009563917,0.7911948024182469,0.09522607960479991,0.032446412821243234,0.01730148908246953,0.01367626323206088,0.009755376253469908,0.0056226725804968515,0.0036731606603030535,0.0015913645373564868,0.0009168151777304844,0.0013965263134492092,0.0006897995816355336,0.000508268430695534,0.00044501583814924716,0.00026059405975787324,0.0002825422879388838,0.0002238531977767216,5.579288054644379e-05,0.00019318803230938125
IM_biface,1780,1780,0.0,0.006786944993215051,0.7291256361757376,0.0025627100792565654,0.16403577327274477,0.0018077301298672233,0.051184806153385505,0.0007741643898096339,0.019192615069220896,0.000625073589613497,0.010893029916759797,0.00017006118497380545,0.005181515149707624,0.00016255482705235298,0.0031907186282551674,0.0001760059344516667,0.002013528313068224,7.425755942051904e-05,0.0012232925345733068,8.005566653031371e-05,0.0007395264323565597
IM_conical_unipolar_cortical,92,92,0.0,0.04839748686962219,0.7257718092368113,0.09683645167615539,0.02716604386083605,0.05192382734383598,0.009159978138284453,0.012813727681219087,0.006650938415258917,0.004637585987912822,0.007760513614708507,0.0021178547284420573,0.0021904142330189938,0.0009486479038626752,0.00048573973092779426,0.0008716161839558709,0.000921147989519374,0.00034014366998994606,0.0004562387903029229,0.00034466439742166806,0.00020516954791395065
IM_conical_unipolar_scarred,92,92,0.0,0.04839748686962219,0.7257718092368113,0.09683645167615539,0.02716604386083605,0.05192382734383598,0.009159978138284453,0.012813727681219087,0.006650938415258917,0.004637585987912822,0.007760513614708507,0.0021178547284420573,0.0021904142330189938,0.0009486479038626752,0.00048573973092779426,0.0008716161839558709,0.000921147989519374,0.00034014366998994606,0.0004562387903029229,0.00034466439742166806,0.00020516954791395065
IM_cylindrical_bipolar,96,96,0.0,0.022759685640181132,0.9012943525584225,0.013992535718368492,0.025442601770778794,0.0007911535108060825,0.024539122218721173,0.002311653523849993,0.00353018870440232,0.0007432097069520429,0.0015295868261136225,0.0008523873243747545,0.0003163275923015685,0.00033251759362379286,0.0002759128159157911,0.00023673690727624673,0.00046136818260062405,0.00011920194310199927,0.00023391310974967425,7.071200956810149e-05,0.0001668323428912857
IM_cylindrical_unipolar_cortical,96,96,0.0,0.022759685640181132,0.9012943525584225,0.013992535718368492,0.025442601770778794,0.0007911535108060825,0.024539122218721173,0.002311653523849993,0.00353018870440232,0.0007432097069520429,0.0015295868261136225,0.0008523873243747545,0.0003163275923015685,0.00033251759362379286,0.0002759128159157911,0.00023673690727624673,0.00046136818260062405,0.00011920194310199927,0.00023391310974967425,7.071200956810149e-05,0.0001668323428912857
IM_cylindrical_unipolar_scarred,96,96,0.0,0.022759685640181132,0.9012943525584225,0.013992535718368492,0.025442601770778794,0.0007911535108060825,0.024539122218721173,0.002311653523849993,0.00353018870440232,0.0007432097069520429,0.0015295868261136225,0.0008523873243747545,0.0003163275923015685,0.00033251759362379286,0.0002759128159157911,0.00023673690727624673,0.00046136818260062405,0.00011920194310199927,0.00023391310974967425,7.071200956810149e-05,0.0001668323428912857
IM_discoid,4096,4096,0.0,3.380758800711555e-09,0.6598197825692437,7.854080163017975e-09,0.23134256271199216,6.677183086410416e-09,0.05439743927407124,1.242762230038482e-08,0.030208886610900387,1.1526858931714099e-08,0.011006460383161899,1.6747282424791058e-08,0.006112231697944232,1.4517722672235387e-08,0.003244511059303794,1.6509325898390444e-08,0.002003357598991544,1.3379354810841425e-08,0.001149198406704683,1.2779270916462258e-08,0.0007154538882263732
IM_discoid_unifacial,4096,4096,0.0,3.380758800711555e-09,0.6598197825692437,7.854080163017975e-09,0.23134256271199216,6.677183086410416e-09,0.05439743927407124,1.242762230038482e-08,0.030208886610900387,1.1526858931714099e-08,0.011006460383161899,1.6747282424791058e-08,0.006112231697944232,1.4517722672235387e-08,0.003244511059303794,1.6509325898390444e-08,0.002003357598991544,1.3379354810841425e-08,0.001149198406704683,1.2779270916462258e-08,0.0007154538882263732
SDG_L2_489,51094,20000,0.0,0.15945208020943147,0.3870211784227537,0.21890827154501774,0.10203752485986047,0.053297053480116485,0.0364193217457785,0.009818989352485683,0.007218928872783817,0.009034380245794695,0.002349385087530491,0.0030694327055817037,0.003941071052329456,0.0017772646283218815,0.0011563880100405029,0.0014249495691568317,0.0007765831832762617,0.000699987453845854,0.0006862331244178875,0.0005966803542040886,0.00031429609727251707
SDG_L2_494,297584,20000,0.0,0.6112804150443424,0.20321626159572767,0.09878250328264847,0.021255039384327868,0.02970674819345798,0.012001199888241092,0.006600950399844862,0.004720166771655818,0.0025846226533138613,0.002367305441026785,0.001458921319418957,0.0015065365924530848,0.001395626097767949,0.0006847847198184646,0.0007119946303368928,0.0004409025036936555,0.00042173267598382547,0.0002959405338914923,0.00032252481868666694,0.00024582345336220373
SDG_L3_1066,184996,20000,0.0,0.6313313843764183,0.2066559870552756,0.05680630658663671,0.054273547002670376,0.012005437710244107,0.01072042593169004,0.00740701576730393,0.006328426196861806,0.0029718006875558574,0.0035941858093962225,0.002089207728600554,0.0011248848718395607,0.0009928924128465443,0.0009852919442401194,0.0006861355431126545,0.0005636128137427333,0.0005159929394974774,0.00038800132549424377,0.0002981043587231559,0.0002613589378498067
SDG_L3_1163,189978,20000,0.0,0.8208209778741618,0.07799291661186794,0.04790589015732777,0.015972281220036594,0.01005410797541093,0.00904854891677482,0.006406244199992381,0.004677779839752599,0.0019979507592322713,0.0011527612242838582,0.0008696394156213863,0.0006807045311787177,0.0005388456383128385,0.0004652637853675527,0.00023491666079462916,0.00032381696804411535,0.0002197145097114076,0.0002812976654534919,0.00016293331586237855,0.0001934087308124446
SDG_L3_1191,184486,20000,0.0,0.16827011888308382,0.5150886173727124,0.075251716929596,0.13826257477529588,0.021873097979147257,0.035563223118989594,0.00896493328412365,0.015139920672255188,0.003459272073266369,0.006330129550533937,0.002237702358559374,0.0024164441422262475,0.0012433821728360034,0.001516823490253946,0.0010366387301136285,0.0009211989484104386,0.0007058566999960004,0.0007515518006787634,0.0004644668761977013,0.0005023301417239121
SDG_L3_1318,184218,20000,0.0,0.11993406587980131,0.6665420532375912,0.0699473333749928,0.059742127209500936,0.036798975118609585,0.007504332840808971,0.013889438391071776,0.008421552916519887,0.004861357777668745,0.0034747439032050196,0.0023032106689346416,0.0013866319352781977,0.0014090044357829025,0.0010645144701295853,0.0005973036940222643,0.000648204434075108,0.0002967859860337748,0.000497942272450481,0.0003774759180156056,0.0003029455355072077
SDG_L3_1416,176404,20000,0.0,0.3300555772345291,0.46688059069582105,0.07648411561321024,0.0426286583341898,0.028947435157690646,0.02091702199076776,0.009568227046531975,0.008163972553849005,0.0034896810228749165,0.003904088999659771,0.0021140724679815,0.0019820828935206924,0.0011886628830743518,0.0010875168264670519,0.0006845967072738882,0.0006064256136894394,0.00038781691678501783,0.0003669783946892147,0.00028317502039714967,0.00025930362699738566
SDG_L3_1437,192740,20000,0.0,0.6126954273562056,0.1824790045324134,0.09467065854267877,0.04068446606751045,0.02690148961887081,0.01370195977888075,0.011664401086342598,0.0038831216424240773,0.002570835273586237,0.003368057431053048,0.0012455082568046112,0.001715553489049334,0.0010525528608622758,0.0007096094229697747,0.000697945662531569,0.00045612208377653334,0.0005096260939035003,0.0004132221228371962,0.00025679822215453894,0.0003236404551449824
SDG_L3_1492,196658,20000,0.0,0.25648587047723737,0.5753695783492091,0.0593105422488781,0.05180948360355781,0.01768571207982955,0.011907686520772096,0.007861489844464222,0.005465597784752359,0.0029130592668507546,0.0021029728458230464,0.0018864334116453312,0.0016946043404137087,0.0011283731077553548,0.0011296580351829763,0.0009920023246946137,0.0006448862853829538,0.000648177214966857,0.0004767512135988703,0.0002944351463481443,0.00019268589863698614
SDG_L3_1547,187048,20000,0.0,0.2324047555650405,0.4421929901913255,0.11005637941391608,0.10718981881379683,0.03361250656089602,0.02245052434987062,0.012489489943618051,0.012825014676243961,0.0076258641298979106,0.005887356815602133,0.003197525233596656,0.002726865127955026,0.001725395704075117,0.0017807591288671173,0.0007893050132839752,0.0009723371203556038,0.0006151475782602839,0.0005475465710400446,0.0005033791317087178,0.00040703893064971417
SDG_L3_155,171002,20000,0.0,0.20185227496929553,0.5940373448443839,0.09595055208659029,0.04016384094636667,0.0331059422270778,0.009545115463624567,0.009310559640681606,0.003211294505769848,0.004004253825381928,0.0023192975618046194,0.0015805973073331086,0.0014021827306117843,0.0009705832733060093,0.0007161899641552504,0.0004573842298636638,0.00045105773249818883,0.0003063856639493616,0.00021760116236868354,0.00021727490660336456,0.000180266958333624
SDG_L3_1677,192352,20000,0.0,0.22207065319601488,0.5713974012350405,0.10112674256878963,0.03501480395520255,0.03574022556666682,0.006378064794302218,0.006418495446022147,0.005551001838651857,0.002951707058825124,0.00316631313403923,0.0017396368197667596,0.002399717772430349,0.0011314722085691673,0.0010569824429349688,0.0011995106834237867,0.000744203910532115,0.0006456796959124951,0.0005151915855324445,0.0003192296620111158,0.0004329664253318631
SDG_L3_1748,198424,20000,0.0,0.3027678603218843,0.41347109807667526,0.13697712985228788,0.05169630469805418,0.03794048068232549,0.01350008219625294,0.015733201743458117,0.008668181905779225,0.005394597043216233,0.003496417265334995,0.0026239242667213973,0.0021629247914637523,0.0012998004470766804,0.0012695403613744583,0.0008062769701121748,0.0006239693290808497,0.0005643883286720714,0.0003838629216666704,0.00034784373563447556,0.0002721150629289422
SDG_L3_188,174328,20000,0.0,0.556202785935715,0.19251659254279285,0.09176863981791665,0.07528220020600955,0.028343967947064855,0.009237143067926964,0.021616574992888972,0.00724738993076481,0.0024236832293160217,0.005374329359690127,0.002071536100398852,0.0020845692824556453,0.0013512887830894442,0.001021072372357912,0.0009620465226526678,0.0006352369538313176,0.0005793063693267892,0.0004829076898649223,0.00041282412165537523,0.00038590477428131757
SDG_L3_303,167956,20000,0.0,0.14201279332002487,0.6864558593121838,0.04145431365031664,0.04709158007976485,0.02458407934239542,0.025491692982149844,0.009856140211463041,0.0072228213010594325,0.004651448089769521,0.0017874517221528208,0.002498122571780441,0.0012783082695771149,0.0019196650946932145,0.0007949367116250646,0.0007141755677716289,0.0006069234813230377,0.0004378212837879087,0.000437542730087927,0.0003630370849847579,0.0003412871930887765
SDG_L3_434,172056,20000,0.0,0.15733239965926993,0.5400304920247043,0.14892557446633914,0.08936927497681282,0.0111842098432386,0.024524897056072116,0.004528758377618069,0.007422650172455851,0.004664692403574958,0.003415979244972792,0.001567362542683776,0.00170925148411641,0.001517360107744774,0.0008209433484588655,0.0009742651567412224,0.0006640775789811113,0.00038230406157047493,0.0003991271567057977,0.00029195573929975476,0.0002744245986389572
SDG_L3_55,174080,20000,0.0,0.6204633830332269,0.21113930974939224,0.0725845087317771,0.03221904974968037,0.030229496530020633,0.00587680783666337,0.00928446842853449,0.006451791719886749,0.003899376635704993,0.0018072044232192415,0.0013699232650192206,0.0010246556211947417,0.0010951773662123971,0.0007647633360532159,0.0004284807408332289,0.0002937636129373075,0.0002999032242706194,0.0003700923616450646,0.0002023923721601836,0.0001954512615679125
SDG_L3_636,190444,20000,0.0,0.1966549141431636,0.5061755027510454,0.10511815315398275,0.08997011791815994,0.03815040117133424,0.025184240118394707,0.010583660493297746,0.00722996544522709,0.005175712739642312,0.0043445999094715694,0.0025550411685558,0.002721767969383945,0.0013570584929081923,0.0015570849575974308,0.0007910548577564945,0.0007387532134738392,0.00046017651334324825,0.000434133949130799,0.0004227809698457016,0.0003748800642854069
SDG_L3_645,188146,20000,0.0,0.6389801309106116,0.15759757922763395,0.10775804467670048,0.030531891681984783,0.025567609454526578,0.01060225178983182,0.01063410618493058,0.006862088411349029,0.0029654271011052354,0.0024802846435046395,0.0011703516730609544,0.0009704145029320709,0.0010989909415441514,0.0007618723589732472,0.0005447972529035535,0.0004952318682768079,0.000325474453064796,0.00026303701442433833,0.00019716978211132023,0.00019324607053019158
SDG_L3_804,198580,20000,0.0,0.6478891014969204,0.20421180010241563,0.03868252795729321,0.04244606233076886,0.023107526884457528,0.01587412596803936,0.005432320062774199,0.008776304489875951,0.0027009050462619513,0.003742899059134669,0.0012274824967435682,0.0015111387102691878,0.0008329367307473158,0.0011356621705059804,0.000511814315943804,0.0005426009328879059,0.0004234693833563317,0.00029550988602156683,0.0003632956659573416,0.00029251630962552676
SDG_L3_890,195142,20000,0.0,0.23349726861599068,0.5305346947747737,0.13335041132965877,0.04599254777527431,0.017149944797992082,0.013806044084412382,0.00582661391763533,0.007334803207081323,0.0031912149014756935,0.0020557333728454122,0.0019055481074861085,0.0012355609402887118,0.000805002940056761,0.0007975890964587389,0.0008012664836601941,0.0005004816114910922,0.0003060512239503635,0.00034742109714633285,0.00022678140202484786,0.0003350203202972274
SDG_L3_978,189226,20000,0.0,0.5102028606484632,0.2939002030646865,0.07002277924953532,0.04979274656776912,0.02419022270370681,0.02377211652706069,0.005645770942291163,0.006081398991995358,0.004094334813409562,0.0031283970872669473,0.003427155587490668,0.0009206760303295512,0.0011740449436059386,0.0007905150091786637,0.0009240368388909192,0.000552252318450305,0.00038392759749612696,0.0003890297756471952,0.0002683859833236337,0.00033914531940240747
SDG_L4_1788,181558,20000,0.0,0.33609429934452456,0.47601303302794573,0.07954047495249769,0.04376247422336463,0.016945848733026084,0.0171861151031823,0.004252686929776707,0.009594404756858556,0.004689809315051237,0.0025814578024133394,0.0033164796336629778,0.0016038730770159568,0.0009761242397529183,0.0012001549875469465,0.0004085638768075489,0.0005304695828366318,0.0005373641198300506,0.00024052346514503658,0.0003663001520249055,0.0001595426767361217
SDG_L4_1884,179770,20000,0.0,0.39568737923398684,0.3360083341961375,0.12170384138922058,0.05943771915212273,0.02859558239107127,0.017996697666872546,0.010523709803331737,0.010424242861026011,0.0032539368639549434,0.004456458385020213,0.0026850219908192553,0.0021547540216784976,0.0017663657097264154,0.0012405426530863683,0.0009052544626014733,0.0008772292912437477,0.0006893095919687595,0.000631929863592493,0.0005057682734679383,0.00045592219907068994
SDG_L4_1916,199924,20000,0.0,0.8241775079578503,0.054881142712321154,0.03772422923477689,0.02441675805022499,0.016068616981000382,0.017807686272221044,0.010757688872724859,0.0037684983327546853,0.0022318500253809184,0.0018140393648410022,0.0012699759911685947,0.0009191978442349754,0.0012054718238660768,0.0010628587259839742,0.0006801622461245552,0.00021170104196064875,0.00031145878325000725,0.00026998150041007246,0.00026061041364075174,0.00016056382526397542
SDG_L4_1951,196260,20000,0.0,0.42875760512226957,0.4376420494011009,0.037587200807705216,0.03622201218976021,0.022040594282409988,0.011396035914275465,0.008055765428929641,0.0044914777869908985,0.0033483208129669885,0.003088156895367612,0.0020722623833140043,0.0010144000352715838,0.0011011516962834513,0.0009176305540251926,0.0006360360237653696,0.0006108119644015394,0.00027131100947100654,0.00024169340567857625,0.000361329440815521,0.0001441548451970693
SDG_L4_2001,188914,20000,0.0,0.24892271742942912,0.33286158545264305,0.1471533923448306,0.10711595949920334,0.05130566451224413,0.032971510500429714,0.02133411438034844,0.014825297928613975,0.011305935028571504,0.006341750195796869,0.00779974933470568,0.003310084564926696,0.003587467983765696,0.0029239003802313266,0.0019004195143421316,0.0021781708963999266,0.0010714679278419565,0.0015456311053736096,0.0005540113319872593,0.0009911696883148997
SDG_L4_2004,190448,20000,0.0,0.5538085471631592,0.1951194051778573,0.1443220052122323,0.031554214248415605,0.025611666781434513,0.015136088523484666,0.007401104506786907,0.008031950328192414,0.003977202357076731,0.004581750800904715,0.0020544576620209207,0.0024961576294001827,0.0009080686524099559,0.001481171565012544,0.0006314199211459071,0.0009410198572200773,0.0004819313917925064,0.0006923664299287946,0.00035683404062234207,0.00041263775090230755
SDG_L4_2158,196320,20000,0.0,0.46444579511945894,0.4063800449865849,0.013650053229598285,0.04173875381679398,0.03132409442328173,0.013822211334112254,0.00834034708685136,0.0051365330491175845,0.0038229876925369773,0.004422515251716238,0.0015061294711506362,0.0019975051250724985,0.0006104852275750864,0.0007946859358935457,0.0006017824479758124,0.00034247204654188436,0.0004456126301394323,0.00016547603128179997,0.00024967427224211874,0.00020284082207512163
SDG_L4_2164,183518,20000,0.0,0.7518136269715743,0.13944528560625022,0.05514083653400625,0.015296170712366055,0.004338881113745564,0.01055625778705789,0.007174912742441124,0.005056354597861301,0.0024382837697900124,0.0017683225155429977,0.0009888558977910959,0.0021110278744594117,0.0006829403506990346,0.0011123460759265848,0.00024744850150826763,0.0005037351885132075,0.00033370982799494394,0.00045614438283604077,0.00025705834026335114,0.0002778012093723557
SDG_L4_2165,2699912,20000,0.0,0.7380201755384369,0.14185602833999517,0.05259654803140338,0.02935485290079065,0.018099139814538732,0.0035355907661297594,0.005096721602475614,0.003986824596375411,0.0015720736978561737,0.0014277117539485211,0.0011831237325932915,0.0007616723769444394,0.0005057501533844971,0.000494379138956335,0.0004047735804384989,0.0003678360602706065,0.0002820921243256344,0.00018611450885437823,0.00016168363852333154,0.00010690764375870452
SDG_L4_2182,169604,20000,0.0,0.6934223703502072,0.14408454786359806,0.06291734232780873,0.036151686146649105,0.024191135827548452,0.013675989339739836,0.006959682693243816,0.004136392195178684,0.003792278376556436,0.0024547537093591565,0.0022220668728778425,0.0012285467482685461,0.0009553934072252616,0.001079486026428662,0.0006191207231366255,0.0006917235713378007,0.00048693849766388793,0.00033093183928920706,0.0003507737838248755,0.00024883970005771925
SDG_L4_2213,170000,20000,0.0,0.21869518606765462,0.46969249573473404,0.18467990307162965,0.039676165790483865,0.032466688982431595,0.019002941506783645,0.009061311842478454,0.008270107621439567,0.004648662972054893,0.0030329732280639636,0.003929208428490305,0.0013995937646221793,0.0014583237909484108,0.0011516851477644265,0.0006709199165239426,0.0007466117986880635,0.0003407077698088062,0.000518319847298145,0.0003044771691879078,0.0002537155489136471
SDG_L4_2292,196390,20000,0.0,0.6046414254344789,0.2164140209319957,0.08341803887041893,0.027318591917979092,0.03167908330525593,0.005487901036961076,0.014928381740882736,0.0027669943806252796,0.004939491058522961,0.00121851347629041,0.0016910435159222048,0.001187712760719423,0.0008904067906082421,0.0008756716295932676,0.000613870758076077,0.0005014663833098098,0.0005197801045540666,0.0003216425760517246,0.0003262149887927759,0.00025974833896144953
SDG_L4_2389,193724,20000,0.0,0.7337614174654146,0.11158642361287156,0.0827060289790348,0.015907541562339013,0.02316526795520744,0.013127247158246548,0.005893034366644303,0.003913688728229662,0.0025531435526399103,0.00197508239029116,0.0019426537523104632,0.0008523645973102115,0.0003504955755331224,0.0005655718456032519,0.0004202280608600476,0.00040364977178110545,0.0002879308471231374,0.0002283788401332364,0.00018042084517031897,0.00017943009325629584
SDG_L4_2527,171656,20000,0.0,0.5695530806839867,0.23487231705072667,0.04759149596100538,0.04510731805529609,0.03850102878574778,0.024098078327218494,0.010368163852545142,0.00558803237150417,0.00522647982173272,0.007132679193397066,0.0028250011629382104,0.0016143853344752466,0.0015375898167878281,0.0015731475857105317,0.001437938930411739,0.000848634246797541,0.0005756438344892313,0.0005730896847648188,0.0004970914610081877,0.00047880383945653865
SDG_L4_2733,198656,20000,0.0,0.37406694493730686,0.36061321025278437,0.11446154854832355,0.06273935079735046,0.029293259984903817,0.018874925587396472,0.015858634362643963,0.0068938326599720864,0.004166319550838692,0.0024550618854020006,0.0021923073093666865,0.001392356898311028,0.0016016979941127522,0.0013439826560288771,0.0010746247223514885,0.0008519328035806063,0.0006603807445975555,0.0005884326054136284,0.0004291475432290337,0.0004420481560859766
SDG_L4_2818,194906,20000,0.0,0.5968793791422148,0.20155235734967922,0.10912492203600306,0.047265168006063375,0.01903580413399308,0.006000464317822656,0.006049552456430014,0.004440944425473807,0.00246906755714442,0.001510611905209011,0.0013749630967259628,0.0009080470685109871,0.000987879240259607,0.0007256029953554447,0.00044381829040619856,0.00029593648464903424,0.000310276778583197,0.00028222362722542173,0.00017690379169482389,0.0001660772965558497
SDG_L4_3095,183118,20000,0.0,0.18981223035195635,0.6719898047756891,0.04370402370584598,0.056062032188905535,0.01540039895247595,0.007655623680085659,0.003500383901306322,0.0026910906892283356,0.0017892728863213739,0.0018018663570134883,0.0017173392236118443,0.0010914961238027408,0.0008031897292104257,0.000546941091663319,0.0003086327219950204,0.0003765727026489239,0.0001891693326810313,0.0002936483777049145,0.00011311147564617884,0.00015317173220760557
SDG_L4_3155,190002,20000,0.0,0.7802577092153998,0.09305840586809656,0.07576183534661793,0.023816933150760552,0.006502641313020476,0.005810489560185664,0.0028320785875025163,0.00353547449430233,0.0022063149269165774,0.002006141371307033,0.001100705878060225,0.0008165461164828807,0.0005690325788924173,0.00045290926397932336,0.0003051446246577539,0.0002519135114110353,0.0001970402854617932,0.0002460263170690778,0.0001624053355725847,0.00011025225430332192
SDG_L4_3192,179446,20000,0.0,0.6548165460236188,0.13110745628319373,0.1077463762982668,0.04258311107607711,0.01605805722848737,0.01775719549530381,0.007892625668475449,0.0056128518180867705,0.0040027321566392035,0.003319267897084128,0.0017132986061459499,0.0018023384672326464,0.0016562523672495604,0.0009358083256738553,0.0008249187032689665,0.000547529094456692,0.00046573932838296926,0.00040468528186474677,0.0003932356701168803,0.00035997421037457957
SDG_L4_3283,266662,20000,0.0,0.5697205598179627,0.2731449937127906,0.06768747366910165,0.024386637881490886,0.005885183821788216,0.023643886061166873,0.012278523371340168,0.00811058541264024,0.003664746553857819,0.003398988817721862,0.0018564011920800222,0.00129873592099603,0.001226147404959379,0.0009285265267344631,0.0006998378418349042,0.0005673006433802882,0.00048080400786626687,0.00045094202150067013,0.00031687173162314877,0.00025285358916413543
SDG_L4_3341,184626,20000,0.0,0.8373250627358281,0.03989112525543561,0.023108875323082072,0.03745609239875931,0.023980103829723473,0.01325573694920019,0.004391619686470176,0.004453243801627382,0.0047912111296573735,0.002328718251113786,0.0019430354357977922,0.001330482624115975,0.0014866037568709923,0.001084346227741576,0.0008906877256192994,0.0006103856719105116,0.0005743920722419257,0.0004088054881281452,0.0003665842902164364,0.00032288734645969297
SDG_L4_3342,185424,20000,0.0,0.3493506904992064,0.381789806866352,0.03559142505007425,0.12491968790130135,0.029211208463620488,0.03136167570914561,0.010815742522686304,0.010526942467442724,0.008340547268349768,0.0034144265244293553,0.003465217106031666,0.0027131701648477743,0.0021370394722713963,0.0019672888284514036,0.0009898209775634262,0.0010405837461918233,0.0006833463242513968,0.0007606972485727278,0.0005033778733545993,0.00041730498585559623
SDG_L4_3506,191058,20000,0.0,0.095056899122822,0.5247020195755153,0.14926966616033568,0.08364574088741306,0.040917697201028044,0.039367936738351095,0.01598479785135444,0.011853286968428233,0.01450040621861025,0.0068432720631148875,0.0042972289619983665,0.003268762674807782,0.0014403523376583442,0.002030939397904874,0.0022172621435016743,0.0016478810429471156,0.0011748216920616803,0.0006765424583873868,0.0006772003729669373,0.0004272861307929545
SDG_L4_3513,165592,20000,0.0,0.8397393881097138,0.06611605027109459,0.03491919514855603,0.02297153081928081,0.009725680096698346,0.00982212280408283,0.004829924829628967,0.002857464706896224,0.0030875191744780322,0.001281330817328783,0.0008992579307675035,0.0010964921262557764,0.00072598321415185,0.0003935710553885704,0.00039524088984070155,0.00032891328383240654,0.00024179367293598915,0.00023695711134865744,0.00020323517021754274,0.0001283487675023437
SDG_L4_3821,183392,20000,0.0,0.3427501647212997,0.28533918673877856,0.218441387738388,0.05253250073552408,0.03287778982695568,0.014886017993813281,0.01951797610720928,0.006691112736487785,0.007814124183071109,0.004587342605521408,0.004065260254027247,0.0023497222313932893,0.0015961199965437373,0.0017633799264560298,0.0014929916511607088,0.0006250197374884655,0.0009612540560391082,0.0008837772727620836,0.0003446152053925514,0.00048025628168806765
SDG_L4_3952,163086,20000,0.0,0.34688708836509474,0.4340001699725308,0.10327894408929003,0.0803208247263555,0.01887881836039298,0.007428898038657514,0.0024938046134313726,0.002241546912619122,0.0009510938526094711,0.000899456164301907,0.0006331044885501955,0.0006232757181854467,0.0004224617556447863,0.00027745200628957707,0.00015792707997397043,0.00018308551253385378,9.336573611071146e-05,9.853543165293302e-05,7.491696684656841e-05,5.523020892863753e-05
SDG_L4_3971,187894,20000,0.0,0.04375185742403231,0.6953883646754522,0.06425599056693738,0.10402179670252137,0.035335526975616434,0.014840816657552429,0.015710256792354237,0.005828542683369115,0.005779360647144611,0.0027593668623186025,0.0022272608109393257,0.0013095577272970304,0.0015649550087236677,0.0012586032540922768,0.001574829139222352,0.001225723514942995,0.0011706582200966514,0.0008188848512566766,0.0006661182537814703,0.0005115292323487272
SDG_L4_4262,188334,20000,0.0,0.32459344885209895,0.2669286982083278,0.18953883414193767,0.08383464925853897,0.03376605829350511,0.032957221024623055,0.0226510551946579,0.013856573428264825,0.007057601952460803,0.007731262245145609,0.004985740629843456,0.0028675457707483384,0.0020636109366542793,0.0021454659701157486,0.0011584617060306267,0.000954018079502008,0.0011408686295628005,0.0007105770689181503,0.0006677661291972249,0.0003905424798667226
SDG_L4_4386,183156,20000,0.0,0.5612797290666739,0.2111900687666162,0.13559124126299524,0.017908396723721583,0.027739443205155662,0.01213064013105604,0.008111009968753614,0.006043948295584649,0.005030651556769799,0.0033708509257265496,0.0032854728414197652,0.002118802754182717,0.001148224861227491,0.0011433922534509256,0.0008079576710242147,0.0006770626329258564,0.0008803886327271774,0.0005603381837309447,0.0005598220361156381,0.0004225582301419341
SDG_L4_4460,166472,20000,0.0,0.5882055564140987,0.20234129040455648,0.024451707627920427,0.08823163487880108,0.025552340970630576,0.03454653726968949,0.006853730803197302,0.008093103295361354,0.005077430708337358,0.007078673280177034,0.0019680537882602184,0.0015120861319572832,0.0019278024350458855,0.0009981393523907794,0.0005136565971205498,0.0007585546093300645,0.0008306298590635856,0.00044395225564167624,0.000372767680645981,0.00024235163777413377
SDG_L4_4583,185824,20000,0.0,0.38586951013057014,0.3550723746587791,0.14830913532250053,0.050216807635804495,0.025754325803458957,0.008270637190788405,0.007464429996522344,0.004458661378223793,0.004741501465502137,0.002615165350277896,0.0022062324309135685,0.0012528932555953877,0.0008733267900665511,0.0006472250965940518,0.0005260793329120293,0.0005876074943615982,0.0004230932006471464,0.000249068171552369,0.00027483734228306696,0.00018708795264644505
SDG_L4_4604,201228,20000,0.0,0.49631812763503125,0.29810690951439156,0.06854335505008469,0.04464407467758101,0.024836270007033884,0.027093309550953033,0.013147475654254363,0.008406939558174656,0.003498557467864267,0.0024220982311358597,0.0025289754943273444,0.002716186032974276,0.0016642296575389531,0.0018612641426885436,0.0012168979540174744,0.0007615056623099723,0.0008773114629649884,0.0005891364205734581,0.00041813211822529185,0.0003492437078749801
SDG_L4_4858,188502,20000,0.0,0.3795507929027126,0.43638255338032417,0.050418376918074256,0.05525366000356729,0.024636113125953724,0.014616384111073874,0.00996598291931655,0.007217905125812671,0.005075417476405273,0.0038799928841914155,0.003074302359278455,0.0021731260292215666,0.0021378805521715376,0.0014948105280169596,0.0012113386008776933,0.0009159698677947702,0.0007357151470050544,0.0005483839023261742,0.00042417620052704556,0.0002871179653487408
