ID,group,stl_format,n_faces_header,file_mb,n_faces_original,n_faces_raw
EXP01_Levallois preferential,EXP,binary,492608,24.63,492608,492608
EXP02_Cylindrical bidirectional,EXP,binary,492462,24.62,492462,492462
EXP03_Conical unidirectional,EXP,binary,389924,19.5,389924,389924
EXP04_Levallois preferential,EXP,binary,493228,24.66,493228,493228
EXP05_Levallois preferential,EXP,binary,382298,19.11,382298,382298
EXP06_Levallois convergent,EXP,binary,768016,38.4,768016,768016
EXP07_Levallois preferential,EXP,binary,499182,24.96,499182,499182
EXP08_Levallois preferential,EXP,binary,490300,24.52,490300,490300
EXP09_Levallois preferential,EXP,binary,290334,14.52,290334,290334
EXP10_Cylindrical unidirectional,EXP,binary,508202,25.41,508202,508202
EXP11_Cylindrical bidirectional,EXP,binary,519538,25.98,519538,519538
EXP12_Discoid,EXP,binary,498056,24.9,498056,498056
EXP13_Conical unidirectional,EXP,binary,426748,21.34,426748,426748
EXP14_Levallois convergent,EXP,binary,496416,24.82,496416,496416
EXP15_Levallois convergent,EXP,binary,496139,24.81,496139,496139
EXP16_Discoid,EXP,binary,495658,24.78,495658,495658
EXP17_Discoid,EXP,binary,323636,16.18,323636,323636
EXP18_Discoid,EXP,binary,157498,7.87,157498,157498
EXP19_Levallois preferential,EXP,binary,495350,24.77,495350,495350
EXP20_Cylindrical bidirectional,EXP,binary,452282,22.61,452282,452282
EXP21_Levallois preferential,EXP,binary,495876,24.79,495876,495876
EXP22_Cylindrical unidirectional,EXP,binary,496343,24.82,496343,496343
EXP23_Cylindrical unidirectional,EXP,binary,311360,15.57,311360,311360
EXP24_Cylindrical unidirectional,EXP,binary,497498,24.87,497498,497498
EXP25_Levallois Nubian,EXP,binary,496464,24.82,496464,496464
EXP26_Levallois recurrent,EXP,binary,282224,14.11,282224,282224
EXP27_Levallois convergent,EXP,binary,510634,25.53,510634,510634
EXP28_Levallois convergent,EXP,binary,491570,24.58,491570,491570
EXP29_Levallois preferential,EXP,binary,495990,24.8,495990,495990
EXP30_Levallois Nubian,EXP,binary,495722,24.79,495722,495722
EXP31_Levallois laminar,EXP,binary,294362,14.72,294362,294362
EXP32_Conical unidirectional,EXP,binary,491874,24.59,491874,491874
EXP33_Cylindrical bidirectional,EXP,binary,493970,24.7,493970,493970
EXP34_Multiplatform,EXP,binary,494522,24.73,494522,494522
EXP35_Levallois laminar,EXP,binary,496306,24.82,496306,496306
EXP36_Conical unidirectional,EXP,binary,495606,24.78,495606,495606
EXP37_Conical unidirectional,EXP,binary,499654,24.98,499654,499654
EXP38_Multiplatform,EXP,binary,498326,24.92,498326,498326
EXP39_Multiplatform,EXP,binary,498306,24.92,498306,498306
EXP40_Conical unidirectional,EXP,binary,463702,23.19,463702,463702
EXP41_Subconical unidirectional,EXP,binary,280698,14.03,280698,280698
EXP42_Multiplatform,EXP,binary,439692,21.98,439692,439692
EXP43_Biface,EXP,binary,189134,9.46,189134,189134
EXP44_Multiplatform,EXP,binary,498134,24.91,498134,498134
EXP45_Conical unidirectional,EXP,binary,493944,24.7,493944,493944
EXP46_Conical unidirectional,EXP,binary,491804,24.59,491804,491804
EXP47_Conical bidirectional,EXP,binary,398114,19.91,398114,398114
EXP48_Multiplatform,EXP,binary,498016,24.9,498016,498016
EXP49_Discoid,EXP,binary,334312,16.72,334312,334312
EXP50_Multiplatform,EXP,binary,246821,12.34,246821,246821
EXP51_Conical unidirectional,EXP,binary,498710,24.94,498710,498710
EXP52_Levallois preferential,EXP,binary,497098,24.85,497098,497098
EXP53_Levallois recurrent,EXP,binary,495846,24.79,495846,495846
EXP54_Multiplatform,EXP,binary,372492,18.62,372492,372492
EXP55_Multiplatform,EXP,binary,476294,23.81,476294,476294
EXP56_Multiplatform,EXP,binary,499352,24.97,499352,499352
EXP57_Conical bidirectional,EXP,binary,343708,17.19,343708,343708
EXP58_Conical unidirectional,EXP,binary,435932,21.8,435932,435932
EXP59_Subconical unidirectional,EXP,binary,499640,24.98,499640,499640
IM_Levallois_convergent,IM,binary,19572,0.98,19572,19572
IM_Levallois_laminar,IM,binary,19588,0.98,19588,19588
IM_Levallois_preferential,IM,binary,16166,0.81,16166,16166
IM_Multiplatform,IM,binary,12,0.0,12,12
IM_biface,IM,binary,1780,0.09,1780,1780
IM_conical_unipolar_cortical,IM,binary,92,0.0,92,92
IM_conical_unipolar_scarred,IM,binary,92,0.0,92,92
IM_cylindrical_bipolar,IM,binary,96,0.0,96,96
IM_cylindrical_unipolar_cortical,IM,binary,96,0.0,96,96
IM_cylindrical_unipolar_scarred,IM,binary,96,0.0,96,96
IM_discoid,IM,binary,4096,0.2,4096,4096
IM_discoid_unifacial,IM,binary,4096,0.2,4096,4096
SDG_L2_489,SDG,binary,51094,2.55,51094,51094
SDG_L2_494,SDG,binary,297584,14.88,297584,297584
SDG_L3_1066,SDG,binary,184996,9.25,184996,184996
SDG_L3_1163,SDG,binary,189978,9.5,189978,189978
SDG_L3_1191,SDG,binary,184486,9.22,184486,184486
SDG_L3_1318,SDG,binary,184218,9.21,184218,184218
SDG_L3_1416,SDG,binary,176404,8.82,176404,176404
SDG_L3_1437,SDG,binary,192740,9.64,192740,192740
SDG_L3_1492,SDG,binary,196658,9.83,196658,196658
SDG_L3_1547,SDG,binary,187048,9.35,187048,187048
SDG_L3_155,SDG,binary,171002,8.55,171002,171002
SDG_L3_1677,SDG,binary,192352,9.62,192352,192352
SDG_L3_1748,SDG,binary,198424,9.92,198424,198424
SDG_L3_188,SDG,binary,174328,8.72,174328,174328
SDG_L3_303,SDG,binary,167956,8.4,167956,167956
SDG_L3_434,SDG,binary,172056,8.6,172056,172056
SDG_L3_55,SDG,binary,174080,8.7,174080,174080
SDG_L3_636,SDG,binary,190444,9.52,190444,190444
SDG_L3_645,SDG,binary,188146,9.41,188146,188146
SDG_L3_804,SDG,binary,198580,9.93,198580,198580
SDG_L3_890,SDG,binary,195142,9.76,195142,195142
SDG_L3_978,SDG,binary,189226,9.46,189226,189226
SDG_L4_1788,SDG,binary,181558,9.08,181558,181558
SDG_L4_1884,SDG,binary,179770,8.99,179770,179770
SDG_L4_1916,SDG,binary,199924,10.0,199924,199924
SDG_L4_1951,SDG,binary,196260,9.81,196260,196260
SDG_L4_2001,SDG,binary,188914,9.45,188914,188914
SDG_L4_2004,SDG,binary,190448,9.52,190448,190448
SDG_L4_2158,SDG,binary,196320,9.82,196320,196320
SDG_L4_2164,SDG,binary,183518,9.18,183518,183518
SDG_L4_2165,SDG,binary,2699912,135.0,2699912,2699912
SDG_L4_2182,SDG,binary,169604,8.48,169604,169604
SDG_L4_2213,SDG,binary,170000,8.5,170000,170000
SDG_L4_2292,SDG,binary,196390,9.82,196390,196390
SDG_L4_2389,SDG,binary,193724,9.69,193724,193724
SDG_L4_2527,SDG,binary,171656,8.58,171656,171656
SDG_L4_2733,SDG,binary,198656,9.93,198656,198656
SDG_L4_2818,SDG,binary,194906,9.75,194906,194906
SDG_L4_3095,SDG,binary,183118,9.16,183118,183118
SDG_L4_3155,SDG,binary,190002,9.5,190002,190002
SDG_L4_3192,SDG,binary,179446,8.97,179446,179446
SDG_L4_3283,SDG,binary,266662,13.33,266662,266662
SDG_L4_3341,SDG,binary,184626,9.23,184626,184626
SDG_L4_3342,SDG,binary,185424,9.27,185424,185424
SDG_L4_3506,SDG,binary,191058,9.55,191058,191058
SDG_L4_3513,SDG,binary,165592,8.28,165592,165592
SDG_L4_3821,SDG,binary,183392,9.17,183392,183392
SDG_L4_3952,SDG,binary,163086,8.15,163086,163086
SDG_L4_3971,SDG,binary,187894,9.39,187894,187894
SDG_L4_4262,SDG,binary,188334,9.42,188334,188334
SDG_L4_4386,SDG,binary,183156,9.16,183156,183156
SDG_L4_4460,SDG,binary,166472,8.32,166472,166472
SDG_L4_4583,SDG,binary,185824,9.29,185824,185824
SDG_L4_4604,SDG,binary,201228,10.06,201228,201228
SDG_L4_4858,SDG,binary,188502,9.43,188502,188502
