order,cv_pct,cumul_pct,dataset,face_target,smooth_iters,setting
1,55.43440351738877,44.651661176124115,EXP,10000,3,f10000_s3
2,64.13327772882836,77.65241934562067,EXP,10000,3,f10000_s3
3,88.63630957662065,87.79328015453916,EXP,10000,3,f10000_s3
4,57.15139816490148,93.04309220009318,EXP,10000,3,f10000_s3
5,73.58384690547767,95.51940601932168,EXP,10000,3,f10000_s3
6,67.81952604587225,97.1689562434731,EXP,10000,3,f10000_s3
7,60.342376786854345,97.99039769810454,EXP,10000,3,f10000_s3
8,51.91931454156108,98.57924498766462,EXP,10000,3,f10000_s3
9,64.10443400294325,98.95699740807768,EXP,10000,3,f10000_s3
10,50.22785784620317,99.22918978624676,EXP,10000,3,f10000_s3
11,57.97338897766645,99.41851935601031,EXP,10000,3,f10000_s3
12,70.61301177787873,99.57061982154228,EXP,10000,3,f10000_s3
13,58.76007464173482,99.6770757538561,EXP,10000,3,f10000_s3
14,54.23677219200361,99.75801060077887,EXP,10000,3,f10000_s3
15,59.055742354658406,99.82384807299431,EXP,10000,3,f10000_s3
16,50.69254752604368,99.87590579581716,EXP,10000,3,f10000_s3
17,53.70591032655212,99.91737242308066,EXP,10000,3,f10000_s3
18,58.46009728798612,99.95091126332379,EXP,10000,3,f10000_s3
19,48.7944616125532,99.97719267221866,EXP,10000,3,f10000_s3
20,51.34493782831173,100,EXP,10000,3,f10000_s3
1,40.08719073946302,53.5823702245881,SDG,10000,3,f10000_s3
2,61.083419275755105,81.14808678217447,SDG,10000,3,f10000_s3
3,51.0572260572962,89.06977646707149,SDG,10000,3,f10000_s3
4,59.98248339494273,93.66435697446092,SDG,10000,3,f10000_s3
5,45.208586025457215,95.86120112599653,SDG,10000,3,f10000_s3
6,57.98332406632165,97.22414446432822,SDG,10000,3,f10000_s3
7,47.67503206218889,98.04834904596228,SDG,10000,3,f10000_s3
8,51.59110749415588,98.59244206111647,SDG,10000,3,f10000_s3
9,57.20724812869694,98.96556171155979,SDG,10000,3,f10000_s3
10,49.23674215636552,99.23069410864981,SDG,10000,3,f10000_s3
11,58.24708458868418,99.427073233185,SDG,10000,3,f10000_s3
12,46.93266393206029,99.56329692550857,SDG,10000,3,f10000_s3
13,49.06054016481968,99.66796231088583,SDG,10000,3,f10000_s3
14,52.83043693086393,99.75206773285555,SDG,10000,3,f10000_s3
15,46.952500847909434,99.81748406904553,SDG,10000,3,f10000_s3
16,62.62557897981613,99.87022441562183,SDG,10000,3,f10000_s3
17,50.16421468099078,99.91314329352727,SDG,10000,3,f10000_s3
18,61.02078413628037,99.94899672297592,SDG,10000,3,f10000_s3
19,48.48911852331707,99.9763163590877,SDG,10000,3,f10000_s3
20,50.310813804659425,100.00000000000003,SDG,10000,3,f10000_s3
1,63.47789580226577,39.002997161520156,EXP,20000,3,f20000_s3
2,58.521468259278855,75.70104170369987,EXP,20000,3,f20000_s3
3,83.04773458683302,86.40511397760962,EXP,20000,3,f20000_s3
4,57.17497172098164,92.10416606411904,EXP,20000,3,f20000_s3
5,74.53789844119186,95.00089245537912,EXP,20000,3,f20000_s3
6,67.97048316360399,96.81228835991928,EXP,20000,3,f20000_s3
7,60.45549074504829,97.70670639945031,EXP,20000,3,f20000_s3
8,51.08656392454009,98.37126820456983,EXP,20000,3,f20000_s3
9,58.546830108430136,98.79209494267973,EXP,20000,3,f20000_s3
10,54.35499676861556,99.10394622141347,EXP,20000,3,f20000_s3
11,55.313590711560714,99.32506553176852,EXP,20000,3,f20000_s3
12,72.77547771432418,99.49994980417797,EXP,20000,3,f20000_s3
13,54.088781950739154,99.62189521957148,EXP,20000,3,f20000_s3
14,57.399870801580064,99.71753870734025,EXP,20000,3,f20000_s3
15,56.42223190535919,99.79295562831624,EXP,20000,3,f20000_s3
16,54.23749765020162,99.85429392289838,EXP,20000,3,f20000_s3
17,55.83369777097445,99.90258105106368,EXP,20000,3,f20000_s3
18,54.91860741063018,99.9430195474963,EXP,20000,3,f20000_s3
19,45.866122827694944,99.97381665511963,EXP,20000,3,f20000_s3
20,56.015880582517866,100,EXP,20000,3,f20000_s3
1,49.78844679220484,44.89216348818347,SDG,20000,3,f20000_s3
2,54.490022054591535,78.07485188162998,SDG,20000,3,f20000_s3
3,53.42405283406756,87.105358791060155,SDG,20000,3,f20000_s3
4,54.64162710521124,92.41317113810052,SDG,20000,3,f20000_s3
5,40.06738776824738,94.976619659025,SDG,20000,3,f20000_s3
6,54.18843202773026,96.64961547188858,SDG,20000,3,f20000_s3
7,48.91151360700135,97.61332289169653,SDG,20000,3,f20000_s3
8,44.12006685470839,98.29097566304155,SDG,20000,3,f20000_s3
9,54.79367513486917,98.72637658823318,SDG,20000,3,f20000_s3
10,50.44352069799868,99.05664923058413,SDG,20000,3,f20000_s3
11,52.42682833071608,99.28433745447812,SDG,20000,3,f20000_s3
12,43.618418314168665,99.45504553933743,SDG,20000,3,f20000_s3
13,42.92683626294128,99.5815440967538,SDG,20000,3,f20000_s3
14,44.93064168629121,99.69161799332433,SDG,20000,3,f20000_s3
15,51.50084950647249,99.77154338512973,SDG,20000,3,f20000_s3
16,50.950671352316654,99.83729914930375,SDG,20000,3,f20000_s3
17,48.89222980338285,99.8897755738696,SDG,20000,3,f20000_s3
18,51.54259944716575,99.93503877374425,SDG,20000,3,f20000_s3
19,40.2582935902399,99.9697122608845,SDG,20000,3,f20000_s3
20,48.676181767454075,100.00000000000003,SDG,20000,3,f20000_s3
1,77.62193665046439,29.978312584835937,EXP,50000,3,f50000_s3
2,51.4630155676874,71.97110369833342,EXP,50000,3,f50000_s3
3,87.90139243254755,84.27145866491065,EXP,50000,3,f50000_s3
4,59.40293017210719,90.72360428718581,EXP,50000,3,f50000_s3
5,71.24474322084967,94.1253728449949,EXP,50000,3,f50000_s3
6,60.90981847979564,96.12665996227526,EXP,50000,3,f50000_s3
7,61.53484705667176,97.20217599884215,EXP,50000,3,f50000_s3
8,55.803897934290994,97.98307871902284,EXP,50000,3,f50000_s3
9,51.95809070126865,98.50588084577531,EXP,50000,3,f50000_s3
10,53.88760410350334,98.87017453479041,EXP,50000,3,f50000_s3
11,57.459873801680196,99.15108781218484,EXP,50000,3,f50000_s3
12,70.73186216673064,99.36022816766487,EXP,50000,3,f50000_s3
13,63.65501415375461,99.5106914368385,EXP,50000,3,f50000_s3
14,57.17983174624004,99.62872379024985,EXP,50000,3,f50000_s3
15,56.96200408344796,99.72908417332756,EXP,50000,3,f50000_s3
16,58.32892661740787,99.80554639812127,EXP,50000,3,f50000_s3
17,54.3335781659675,99.87053150960584,EXP,50000,3,f50000_s3
18,60.0446368262717,99.92260103015805,EXP,50000,3,f50000_s3
19,44.53218346748789,99.96535776662209,EXP,50000,3,f50000_s3
20,58.53052720989711,100,EXP,50000,3,f50000_s3
1,67.65273453926162,29.137337181167506,SDG,50000,3,f50000_s3
2,43.38129758584287,72.6443057984074,SDG,50000,3,f50000_s3
3,58.466963647095625,83.69042304543257,SDG,50000,3,f50000_s3
4,52.50812926308489,90.24734165760859,SDG,50000,3,f50000_s3
5,43.445535788352124,93.53486312418714,SDG,50000,3,f50000_s3
6,46.84384711267186,95.69430624551741,SDG,50000,3,f50000_s3
7,44.5373865912385,96.86636149135627,SDG,50000,3,f50000_s3
8,41.420155979686406,97.76150884862066,SDG,50000,3,f50000_s3
9,48.25618660617429,98.33032529422617,SDG,50000,3,f50000_s3
10,47.23380890640499,98.73744257232954,SDG,50000,3,f50000_s3
11,45.7440773917763,99.04476581038186,SDG,50000,3,f50000_s3
12,43.13317136460647,99.2659062412373,SDG,50000,3,f50000_s3
13,42.32262326796596,99.43782512128423,SDG,50000,3,f50000_s3
14,47.84688665503831,99.58202648847066,SDG,50000,3,f50000_s3
15,44.46240350239529,99.68719317426809,SDG,50000,3,f50000_s3
16,49.88180665839893,99.77744756195678,SDG,50000,3,f50000_s3
17,46.21976402739178,99.8491990024919,SDG,50000,3,f50000_s3
18,46.10079977178984,99.90880539636929,SDG,50000,3,f50000_s3
19,44.37044129432706,99.95893804491494,SDG,50000,3,f50000_s3
20,47.27395892046153,100,SDG,50000,3,f50000_s3
1,76.01600308983136,29.021108303102118,EXP,20000,0,f20000_s0
2,50.988492317996325,71.6289142584429,EXP,20000,0,f20000_s0
3,86.22518882282824,84.25962483176328,EXP,20000,0,f20000_s0
4,59.15834097186845,90.80374409933232,EXP,20000,0,f20000_s0
5,73.01096172775412,94.18248779077489,EXP,20000,0,f20000_s0
6,65.75213415977092,96.19777641738999,EXP,20000,0,f20000_s0
7,60.33708511423488,97.28863009133542,EXP,20000,0,f20000_s0
8,56.606975817913984,98.05844403915557,EXP,20000,0,f20000_s0
9,54.57270035540866,98.56523160735277,EXP,20000,0,f20000_s0
10,56.29856223971671,98.92029572197613,EXP,20000,0,f20000_s0
11,62.0732470262337,99.19680745975657,EXP,20000,0,f20000_s0
12,64.6615622237742,99.39588213765987,EXP,20000,0,f20000_s0
13,56.73916866043871,99.53804158408089,EXP,20000,0,f20000_s0
14,60.5827924468183,99.6529476840713,EXP,20000,0,f20000_s0
15,52.127116822818486,99.74682012924629,EXP,20000,0,f20000_s0
16,64.5600921661897,99.82106325094529,EXP,20000,0,f20000_s0
17,56.97458440926157,99.88177020706351,EXP,20000,0,f20000_s0
18,52.17777697930034,99.92745803699931,EXP,20000,0,f20000_s0
19,52.27835619966381,99.96735087503131,EXP,20000,0,f20000_s0
20,55.106668088434255,100.00000000000003,EXP,20000,0,f20000_s0
1,69.60185031066565,27.874014220490483,SDG,20000,0,f20000_s0
2,42.68791209585314,72.21837237620045,SDG,20000,0,f20000_s0
3,59.519409172354756,83.37251989439997,SDG,20000,0,f20000_s0
4,57.3474366884308,90.15945792854477,SDG,20000,0,f20000_s0
5,43.10443714562403,93.43279092836092,SDG,20000,0,f20000_s0
6,47.876315280865164,95.64958583461403,SDG,20000,0,f20000_s0
7,47.492035944634885,96.85165876466537,SDG,20000,0,f20000_s0
8,43.794499464414194,97.7535949760908,SDG,20000,0,f20000_s0
9,49.071630217914766,98.32382588002115,SDG,20000,0,f20000_s0
10,47.93253982957625,98.73412369984892,SDG,20000,0,f20000_s0
11,51.30508608819909,99.04748133400551,SDG,20000,0,f20000_s0
12,47.07813945627272,99.26925629763839,SDG,20000,0,f20000_s0
13,50.824079221819304,99.44385011692292,SDG,20000,0,f20000_s0
14,47.21617103961003,99.58376125285085,SDG,20000,0,f20000_s0
15,49.065594524980085,99.69217835134869,SDG,20000,0,f20000_s0
16,53.310850220609666,99.7815070591176,SDG,20000,0,f20000_s0
17,47.48375921587096,99.852144666873,SDG,20000,0,f20000_s0
18,50.052746302583714,99.91130814213165,SDG,20000,0,f20000_s0
19,44.736758504704916,99.96068569666254,SDG,20000,0,f20000_s0
20,47.02182683385288,100,SDG,20000,0,f20000_s0
1,55.385871291244285,43.616815506143894,EXP,20000,6,f20000_s6
2,61.188982511026154,77.15508596834991,EXP,20000,6,f20000_s6
3,82.48597360354391,87.28841756216352,EXP,20000,6,f20000_s6
4,59.20255447953878,92.61906568015246,EXP,20000,6,f20000_s6
5,73.07032258901498,95.29795745077617,EXP,20000,6,f20000_s6
6,68.69581344796454,97.0316140786399,EXP,20000,6,f20000_s6
7,57.10090835855344,97.86230752459001,EXP,20000,6,f20000_s6
8,52.71619783303687,98.48672872955468,EXP,20000,6,f20000_s6
9,59.863071849521596,98.87511124998763,EXP,20000,6,f20000_s6
10,51.79582148877103,99.16523311720306,EXP,20000,6,f20000_s6
11,52.300747145040596,99.36378561554649,EXP,20000,6,f20000_s6
12,70.32108738231676,99.53276743649255,EXP,20000,6,f20000_s6
13,55.39485509486699,99.64753249056403,EXP,20000,6,f20000_s6
14,51.557973565739566,99.73802512950265,EXP,20000,6,f20000_s6
15,56.46502020781068,99.80701008166936,EXP,20000,6,f20000_s6
16,48.67612020336999,99.86473755799712,EXP,20000,6,f20000_s6
17,51.381068907360984,99.90821048632664,EXP,20000,6,f20000_s6
18,56.225542958102814,99.94652780308427,EXP,20000,6,f20000_s6
19,49.10478412495557,99.97583088526612,EXP,20000,6,f20000_s6
20,51.71103176218254,100,EXP,20000,6,f20000_s6
1,45.20638294542604,48.96478607931194,SDG,20000,6,f20000_s6
2,57.29678869578747,79.38978575790463,SDG,20000,6,f20000_s6
3,53.110220846287014,87.93935672412154,SDG,20000,6,f20000_s6
4,56.12806479685195,92.93161120568443,SDG,20000,6,f20000_s6
5,43.08870833605793,95.3312151297838,SDG,20000,6,f20000_s6
6,56.582006632377635,96.86632354736811,SDG,20000,6,f20000_s6
7,49.066954720650514,97.79322121795362,SDG,20000,6,f20000_s6
8,47.18411689055981,98.4109643737035,SDG,20000,6,f20000_s6
9,54.81617182080942,98.82293519615585,SDG,20000,6,f20000_s6
10,50.61699834719187,99.13017285788837,SDG,20000,6,f20000_s6
11,54.55755987183759,99.34373810647344,SDG,20000,6,f20000_s6
12,45.15123932615148,99.49831447112315,SDG,20000,6,f20000_s6
13,43.28428118114805,99.61730611374169,SDG,20000,6,f20000_s6
14,47.08240095329951,99.71570903891144,SDG,20000,6,f20000_s6
15,48.60975470940318,99.79060217980359,SDG,20000,6,f20000_s6
16,54.7833106512953,99.85095717226092,SDG,20000,6,f20000_s6
17,49.42970588507111,99.89865866584844,SDG,20000,6,f20000_s6
18,54.44761190996499,99.94057335876882,SDG,20000,6,f20000_s6
19,41.411800362202996,99.9725600065803,SDG,20000,6,f20000_s6
20,50.202860980553,100,SDG,20000,6,f20000_s6
