model,model_label,version,version_label,space,space_label,n,n_perm,seed,term,df,SumOfSqs,R2,pseudo_F,p,permutation
M1,M1 Layer first (direct analogue),A,"A raw SDI, full sample",scar,"D_scar (SP-SPHARM, l = 1-6)",48,9999,42,Layer,1,1.3306879922798984,0.017832716429395983,0.9407294987852972,0.4229,free
M1,M1 Layer first (direct analogue),A,"A raw SDI, full sample",scar,"D_scar (SP-SPHARM, l = 1-6)",48,9999,42,core_type,5,12.696272011898648,0.17014433121227285,1.7951251796796779,0.0375,free
M1,M1 Layer first (direct analogue),A,"A raw SDI, full sample",scar,"D_scar (SP-SPHARM, l = 1-6)",48,9999,42,SDI,1,4.2426761447050705,0.056856634334440166,2.9993586973596305,0.0281,free
M1,M1 Layer first (direct analogue),A,"A raw SDI, full sample",scar,"D_scar (SP-SPHARM, l = 1-6)",48,9999,42,Layer:SDI,1,1.1843807348964503,0.015872034550835162,0.837297624667933,0.4765,free
M1,M1 Layer first (direct analogue),A,"A raw SDI, full sample",scar,"D_scar (SP-SPHARM, l = 1-6)",48,9999,42,Residual,39,55.166582706215806,0.739294283473056,NA,NA,free
M1,M1 Layer first (direct analogue),A,"A raw SDI, full sample",scar,"D_scar (SP-SPHARM, l = 1-6)",48,9999,42,Total,47,74.62059958999586,1,NA,NA,free
M1,M1 Layer first (direct analogue),A,"A raw SDI, full sample",scar,"D_scar (SP-SPHARM, l = 1-6)",48,9999,42,Layer,1,1.3306879922798984,0.017832716429395983,0.9407294987852972,0.0218,restricted_within_layer
M1,M1 Layer first (direct analogue),A,"A raw SDI, full sample",scar,"D_scar (SP-SPHARM, l = 1-6)",48,9999,42,core_type,5,12.696272011898648,0.17014433121227285,1.7951251796796779,0.0374,restricted_within_layer
M1,M1 Layer first (direct analogue),A,"A raw SDI, full sample",scar,"D_scar (SP-SPHARM, l = 1-6)",48,9999,42,SDI,1,4.2426761447050705,0.056856634334440166,2.9993586973596305,0.0346,restricted_within_layer
M1,M1 Layer first (direct analogue),A,"A raw SDI, full sample",scar,"D_scar (SP-SPHARM, l = 1-6)",48,9999,42,Layer:SDI,1,1.1843807348964503,0.015872034550835162,0.837297624667933,0.4512,restricted_within_layer
M1,M1 Layer first (direct analogue),A,"A raw SDI, full sample",scar,"D_scar (SP-SPHARM, l = 1-6)",48,9999,42,Residual,39,55.166582706215806,0.739294283473056,NA,NA,restricted_within_layer
M1,M1 Layer first (direct analogue),A,"A raw SDI, full sample",scar,"D_scar (SP-SPHARM, l = 1-6)",48,9999,42,Total,47,74.62059958999586,1,NA,NA,restricted_within_layer
M1,M1 Layer first (direct analogue),A,"A raw SDI, full sample",morph,"D_morph (M-SPHARM, l = 1-8)",48,9999,42,Layer,1,1.5298528392803667,0.017212989404553396,0.9055987365577992,0.4431,free
M1,M1 Layer first (direct analogue),A,"A raw SDI, full sample",morph,"D_morph (M-SPHARM, l = 1-8)",48,9999,42,core_type,5,15.418875291773652,0.17348396539387073,1.8254453794314938,0.0262,free
M1,M1 Layer first (direct analogue),A,"A raw SDI, full sample",morph,"D_morph (M-SPHARM, l = 1-8)",48,9999,42,SDI,1,3.0961995951025543,0.03483658653727266,1.8328001030312082,0.12,free
M1,M1 Layer first (direct analogue),A,"A raw SDI, full sample",morph,"D_morph (M-SPHARM, l = 1-8)",48,9999,42,Layer:SDI,1,2.9491123953648923,0.03318164931349318,1.7457316093655633,0.136,free
M1,M1 Layer first (direct analogue),A,"A raw SDI, full sample",morph,"D_morph (M-SPHARM, l = 1-8)",48,9999,42,Residual,39,65.88377205418757,0.7412848093508099,NA,NA,free
M1,M1 Layer first (direct analogue),A,"A raw SDI, full sample",morph,"D_morph (M-SPHARM, l = 1-8)",48,9999,42,Total,47,88.87781217570905,1,NA,NA,free
M1,M1 Layer first (direct analogue),A,"A raw SDI, full sample",morph,"D_morph (M-SPHARM, l = 1-8)",48,9999,42,Layer,1,1.5298528392803667,0.017212989404553396,0.9055987365577992,0.0143,restricted_within_layer
M1,M1 Layer first (direct analogue),A,"A raw SDI, full sample",morph,"D_morph (M-SPHARM, l = 1-8)",48,9999,42,core_type,5,15.418875291773652,0.17348396539387073,1.8254453794314938,0.0259,restricted_within_layer
M1,M1 Layer first (direct analogue),A,"A raw SDI, full sample",morph,"D_morph (M-SPHARM, l = 1-8)",48,9999,42,SDI,1,3.0961995951025543,0.03483658653727266,1.8328001030312082,0.1197,restricted_within_layer
M1,M1 Layer first (direct analogue),A,"A raw SDI, full sample",morph,"D_morph (M-SPHARM, l = 1-8)",48,9999,42,Layer:SDI,1,2.9491123953648923,0.03318164931349318,1.7457316093655633,0.118,restricted_within_layer
M1,M1 Layer first (direct analogue),A,"A raw SDI, full sample",morph,"D_morph (M-SPHARM, l = 1-8)",48,9999,42,Residual,39,65.88377205418757,0.7412848093508099,NA,NA,restricted_within_layer
M1,M1 Layer first (direct analogue),A,"A raw SDI, full sample",morph,"D_morph (M-SPHARM, l = 1-8)",48,9999,42,Total,47,88.87781217570905,1,NA,NA,restricted_within_layer
M1,M1 Layer first (direct analogue),A,"A raw SDI, full sample",combined,D_comb (MFA-normalised join),48,9999,42,Layer,1,0.0766908438886428,0.017519692801949076,0.9229613661820598,0.4732,free
M1,M1 Layer first (direct analogue),A,"A raw SDI, full sample",combined,D_comb (MFA-normalised join),48,9999,42,core_type,5,0.7521751767814071,0.1718311777817523,1.8104602676649086,0.0048,free
M1,M1 Layer first (direct analogue),A,"A raw SDI, full sample",combined,D_comb (MFA-normalised join),48,9999,42,SDI,1,0.2001978044039402,0.045734325702225506,2.409346796699845,0.0256,free
M1,M1 Layer first (direct analogue),A,"A raw SDI, full sample",combined,D_comb (MFA-normalised join),48,9999,42,Layer:SDI,1,0.10775036783740366,0.024615107203011036,1.2967574962433956,0.2402,free
M1,M1 Layer first (direct analogue),A,"A raw SDI, full sample",combined,D_comb (MFA-normalised join),48,9999,42,Residual,39,3.2405938333361264,0.740299696511062,NA,NA,free
M1,M1 Layer first (direct analogue),A,"A raw SDI, full sample",combined,D_comb (MFA-normalised join),48,9999,42,Total,47,4.377408026247521,1,NA,NA,free
M1,M1 Layer first (direct analogue),A,"A raw SDI, full sample",combined,D_comb (MFA-normalised join),48,9999,42,Layer,1,0.0766908438886428,0.017519692801949076,0.9229613661820598,0.0016,restricted_within_layer
M1,M1 Layer first (direct analogue),A,"A raw SDI, full sample",combined,D_comb (MFA-normalised join),48,9999,42,core_type,5,0.7521751767814071,0.1718311777817523,1.8104602676649086,0.0055,restricted_within_layer
M1,M1 Layer first (direct analogue),A,"A raw SDI, full sample",combined,D_comb (MFA-normalised join),48,9999,42,SDI,1,0.2001978044039402,0.045734325702225506,2.409346796699845,0.0287,restricted_within_layer
M1,M1 Layer first (direct analogue),A,"A raw SDI, full sample",combined,D_comb (MFA-normalised join),48,9999,42,Layer:SDI,1,0.10775036783740366,0.024615107203011036,1.2967574962433956,0.2113,restricted_within_layer
M1,M1 Layer first (direct analogue),A,"A raw SDI, full sample",combined,D_comb (MFA-normalised join),48,9999,42,Residual,39,3.2405938333361264,0.740299696511062,NA,NA,restricted_within_layer
M1,M1 Layer first (direct analogue),A,"A raw SDI, full sample",combined,D_comb (MFA-normalised join),48,9999,42,Total,47,4.377408026247521,1,NA,NA,restricted_within_layer
M2,M2 raw material controlled,A,"A raw SDI, full sample",scar,"D_scar (SP-SPHARM, l = 1-6)",48,9999,42,Raw_mat,1,1.3351532336229754,0.017892555687826113,0.9810251097989536,0.3846,free
M2,M2 raw material controlled,A,"A raw SDI, full sample",scar,"D_scar (SP-SPHARM, l = 1-6)",48,9999,42,Layer,1,1.311162640446635,0.017571054744277587,0.9633976392493018,0.4114,free
M2,M2 raw material controlled,A,"A raw SDI, full sample",scar,"D_scar (SP-SPHARM, l = 1-6)",48,9999,42,core_type,5,17.20903193527786,0.23062039208788424,2.5289220770605563,0.003,free
M2,M2 raw material controlled,A,"A raw SDI, full sample",scar,"D_scar (SP-SPHARM, l = 1-6)",48,9999,42,SDI,1,2.1550791106695826,0.028880485047167954,1.58347871085415,0.1868,free
M2,M2 raw material controlled,A,"A raw SDI, full sample",scar,"D_scar (SP-SPHARM, l = 1-6)",48,9999,42,Layer:SDI,1,0.8930225472152742,0.011967506990321728,0.6561625440231642,0.5934,free
M2,M2 raw material controlled,A,"A raw SDI, full sample",scar,"D_scar (SP-SPHARM, l = 1-6)",48,9999,42,Residual,38,51.717150122763535,0.6930680054425223,NA,NA,free
M2,M2 raw material controlled,A,"A raw SDI, full sample",scar,"D_scar (SP-SPHARM, l = 1-6)",48,9999,42,Total,47,74.62059958999586,1,NA,NA,free
M2,M2 raw material controlled,A,"A raw SDI, full sample",scar,"D_scar (SP-SPHARM, l = 1-6)",48,9999,42,Raw_mat,1,1.3351532336229754,0.017892555687826113,0.9810251097989536,0.4133,restricted_within_layer
M2,M2 raw material controlled,A,"A raw SDI, full sample",scar,"D_scar (SP-SPHARM, l = 1-6)",48,9999,42,Layer,1,1.311162640446635,0.017571054744277587,0.9633976392493018,0.1731,restricted_within_layer
M2,M2 raw material controlled,A,"A raw SDI, full sample",scar,"D_scar (SP-SPHARM, l = 1-6)",48,9999,42,core_type,5,17.20903193527786,0.23062039208788424,2.5289220770605563,0.0029,restricted_within_layer
M2,M2 raw material controlled,A,"A raw SDI, full sample",scar,"D_scar (SP-SPHARM, l = 1-6)",48,9999,42,SDI,1,2.1550791106695826,0.028880485047167954,1.58347871085415,0.1838,restricted_within_layer
M2,M2 raw material controlled,A,"A raw SDI, full sample",scar,"D_scar (SP-SPHARM, l = 1-6)",48,9999,42,Layer:SDI,1,0.8930225472152742,0.011967506990321728,0.6561625440231642,0.5699,restricted_within_layer
M2,M2 raw material controlled,A,"A raw SDI, full sample",scar,"D_scar (SP-SPHARM, l = 1-6)",48,9999,42,Residual,38,51.717150122763535,0.6930680054425223,NA,NA,restricted_within_layer
M2,M2 raw material controlled,A,"A raw SDI, full sample",scar,"D_scar (SP-SPHARM, l = 1-6)",48,9999,42,Total,47,74.62059958999586,1,NA,NA,restricted_within_layer
M2,M2 raw material controlled,A,"A raw SDI, full sample",morph,"D_morph (M-SPHARM, l = 1-8)",48,9999,42,Raw_mat,1,3.7119592472800695,0.04176474596316149,2.2441774606203593,0.065,free
M2,M2 raw material controlled,A,"A raw SDI, full sample",morph,"D_morph (M-SPHARM, l = 1-8)",48,9999,42,Layer,1,1.0075133684379391,0.011335938000432687,0.6091227414144943,0.6686,free
M2,M2 raw material controlled,A,"A raw SDI, full sample",morph,"D_morph (M-SPHARM, l = 1-8)",48,9999,42,core_type,5,17.4341055767955,0.19615813159676726,2.108063379746914,0.0081,free
M2,M2 raw material controlled,A,"A raw SDI, full sample",morph,"D_morph (M-SPHARM, l = 1-8)",48,9999,42,SDI,1,1.5092399389553748,0.01698106537514276,0.9124567453571906,0.4436,free
M2,M2 raw material controlled,A,"A raw SDI, full sample",morph,"D_morph (M-SPHARM, l = 1-8)",48,9999,42,Layer:SDI,1,2.361474716204995,0.026569901513061808,1.4277011084686229,0.2076,free
M2,M2 raw material controlled,A,"A raw SDI, full sample",morph,"D_morph (M-SPHARM, l = 1-8)",48,9999,42,Residual,38,62.85351932803517,0.707190217551434,NA,NA,free
M2,M2 raw material controlled,A,"A raw SDI, full sample",morph,"D_morph (M-SPHARM, l = 1-8)",48,9999,42,Total,47,88.87781217570905,1,NA,NA,free
M2,M2 raw material controlled,A,"A raw SDI, full sample",morph,"D_morph (M-SPHARM, l = 1-8)",48,9999,42,Raw_mat,1,3.7119592472800695,0.04176474596316149,2.2441774606203593,0.0661,restricted_within_layer
M2,M2 raw material controlled,A,"A raw SDI, full sample",morph,"D_morph (M-SPHARM, l = 1-8)",48,9999,42,Layer,1,1.0075133684379391,0.011335938000432687,0.6091227414144943,0.9052,restricted_within_layer
M2,M2 raw material controlled,A,"A raw SDI, full sample",morph,"D_morph (M-SPHARM, l = 1-8)",48,9999,42,core_type,5,17.4341055767955,0.19615813159676726,2.108063379746914,0.0077,restricted_within_layer
M2,M2 raw material controlled,A,"A raw SDI, full sample",morph,"D_morph (M-SPHARM, l = 1-8)",48,9999,42,SDI,1,1.5092399389553748,0.01698106537514276,0.9124567453571906,0.4491,restricted_within_layer
M2,M2 raw material controlled,A,"A raw SDI, full sample",morph,"D_morph (M-SPHARM, l = 1-8)",48,9999,42,Layer:SDI,1,2.361474716204995,0.026569901513061808,1.4277011084686229,0.1853,restricted_within_layer
M2,M2 raw material controlled,A,"A raw SDI, full sample",morph,"D_morph (M-SPHARM, l = 1-8)",48,9999,42,Residual,38,62.85351932803517,0.707190217551434,NA,NA,restricted_within_layer
M2,M2 raw material controlled,A,"A raw SDI, full sample",morph,"D_morph (M-SPHARM, l = 1-8)",48,9999,42,Total,47,88.87781217570905,1,NA,NA,restricted_within_layer
M2,M2 raw material controlled,A,"A raw SDI, full sample",combined,D_comb (MFA-normalised join),48,9999,42,Raw_mat,1,0.13110503385788172,0.0299503800129571,1.6254107601598473,0.1188,free
M2,M2 raw material controlled,A,"A raw SDI, full sample",combined,D_comb (MFA-normalised join),48,9999,42,Layer,1,0.06312967511593692,0.014421702235067647,0.7826675315157661,0.5974,free
M2,M2 raw material controlled,A,"A raw SDI, full sample",combined,D_comb (MFA-normalised join),48,9999,42,core_type,5,0.9333226250464549,0.2132135317178861,2.314224851344168,3e-4,free
M2,M2 raw material controlled,A,"A raw SDI, full sample",combined,D_comb (MFA-normalised join),48,9999,42,SDI,1,0.10011174894034736,0.022870097633134495,1.2411629756524354,0.2701,free
M2,M2 raw material controlled,A,"A raw SDI, full sample",combined,D_comb (MFA-normalised join),48,9999,42,Layer:SDI,1,0.08467292507648483,0.01934316485207107,1.049755905350793,0.387,free
M2,M2 raw material controlled,A,"A raw SDI, full sample",combined,D_comb (MFA-normalised join),48,9999,42,Residual,38,3.0650660182104144,0.7002011235488835,NA,NA,free
M2,M2 raw material controlled,A,"A raw SDI, full sample",combined,D_comb (MFA-normalised join),48,9999,42,Total,47,4.377408026247521,1,NA,NA,free
M2,M2 raw material controlled,A,"A raw SDI, full sample",combined,D_comb (MFA-normalised join),48,9999,42,Raw_mat,1,0.13110503385788172,0.0299503800129571,1.6254107601598473,0.1285,restricted_within_layer
M2,M2 raw material controlled,A,"A raw SDI, full sample",combined,D_comb (MFA-normalised join),48,9999,42,Layer,1,0.06312967511593692,0.014421702235067647,0.7826675315157661,0.6181,restricted_within_layer
M2,M2 raw material controlled,A,"A raw SDI, full sample",combined,D_comb (MFA-normalised join),48,9999,42,core_type,5,0.9333226250464549,0.2132135317178861,2.314224851344168,1e-4,restricted_within_layer
M2,M2 raw material controlled,A,"A raw SDI, full sample",combined,D_comb (MFA-normalised join),48,9999,42,SDI,1,0.10011174894034736,0.022870097633134495,1.2411629756524354,0.2659,restricted_within_layer
M2,M2 raw material controlled,A,"A raw SDI, full sample",combined,D_comb (MFA-normalised join),48,9999,42,Layer:SDI,1,0.08467292507648483,0.01934316485207107,1.049755905350793,0.3484,restricted_within_layer
M2,M2 raw material controlled,A,"A raw SDI, full sample",combined,D_comb (MFA-normalised join),48,9999,42,Residual,38,3.0650660182104144,0.7002011235488835,NA,NA,restricted_within_layer
M2,M2 raw material controlled,A,"A raw SDI, full sample",combined,D_comb (MFA-normalised join),48,9999,42,Total,47,4.377408026247521,1,NA,NA,restricted_within_layer
M1,M1 Layer first (direct analogue),B,"B log(SDI), full sample",scar,"D_scar (SP-SPHARM, l = 1-6)",48,9999,42,Layer,1,1.3306879922798984,0.017832716429395983,0.9223808127359961,0.4325,free
M1,M1 Layer first (direct analogue),B,"B log(SDI), full sample",scar,"D_scar (SP-SPHARM, l = 1-6)",48,9999,42,core_type,5,12.696272011898648,0.17014433121227285,1.7601117264142403,0.0412,free
M1,M1 Layer first (direct analogue),B,"B log(SDI), full sample",scar,"D_scar (SP-SPHARM, l = 1-6)",48,9999,42,SDI,1,2.8297985376953587,0.037922484585271816,1.9615055446668195,0.1089,free
M1,M1 Layer first (direct analogue),B,"B log(SDI), full sample",scar,"D_scar (SP-SPHARM, l = 1-6)",48,9999,42,Layer:SDI,1,1.4998435946429005,0.020099591840374055,1.0396328529525087,0.3679,free
M1,M1 Layer first (direct analogue),B,"B log(SDI), full sample",scar,"D_scar (SP-SPHARM, l = 1-6)",48,9999,42,Residual,39,56.263997453479064,0.7540008759326854,NA,NA,free
M1,M1 Layer first (direct analogue),B,"B log(SDI), full sample",scar,"D_scar (SP-SPHARM, l = 1-6)",48,9999,42,Total,47,74.62059958999586,1,NA,NA,free
M1,M1 Layer first (direct analogue),B,"B log(SDI), full sample",scar,"D_scar (SP-SPHARM, l = 1-6)",48,9999,42,Layer,1,1.3306879922798984,0.017832716429395983,0.9223808127359961,0.0391,restricted_within_layer
M1,M1 Layer first (direct analogue),B,"B log(SDI), full sample",scar,"D_scar (SP-SPHARM, l = 1-6)",48,9999,42,core_type,5,12.696272011898648,0.17014433121227285,1.7601117264142403,0.0422,restricted_within_layer
M1,M1 Layer first (direct analogue),B,"B log(SDI), full sample",scar,"D_scar (SP-SPHARM, l = 1-6)",48,9999,42,SDI,1,2.8297985376953587,0.037922484585271816,1.9615055446668195,0.1196,restricted_within_layer
M1,M1 Layer first (direct analogue),B,"B log(SDI), full sample",scar,"D_scar (SP-SPHARM, l = 1-6)",48,9999,42,Layer:SDI,1,1.4998435946429005,0.020099591840374055,1.0396328529525087,0.3471,restricted_within_layer
M1,M1 Layer first (direct analogue),B,"B log(SDI), full sample",scar,"D_scar (SP-SPHARM, l = 1-6)",48,9999,42,Residual,39,56.263997453479064,0.7540008759326854,NA,NA,restricted_within_layer
M1,M1 Layer first (direct analogue),B,"B log(SDI), full sample",scar,"D_scar (SP-SPHARM, l = 1-6)",48,9999,42,Total,47,74.62059958999586,1,NA,NA,restricted_within_layer
M1,M1 Layer first (direct analogue),B,"B log(SDI), full sample",morph,"D_morph (M-SPHARM, l = 1-8)",48,9999,42,Layer,1,1.5298528392803667,0.017212989404553396,0.884588755344211,0.4566,free
M1,M1 Layer first (direct analogue),B,"B log(SDI), full sample",morph,"D_morph (M-SPHARM, l = 1-8)",48,9999,42,core_type,5,15.418875291773652,0.17348396539387073,1.7830948641535398,0.0305,free
M1,M1 Layer first (direct analogue),B,"B log(SDI), full sample",morph,"D_morph (M-SPHARM, l = 1-8)",48,9999,42,SDI,1,2.081079001445083,0.023415056587248635,1.203317754750337,0.2923,free
M1,M1 Layer first (direct analogue),B,"B log(SDI), full sample",morph,"D_morph (M-SPHARM, l = 1-8)",48,9999,42,Layer:SDI,1,2.399419051725385,0.026996828488327296,1.3873877656842835,0.2157,free
M1,M1 Layer first (direct analogue),B,"B log(SDI), full sample",morph,"D_morph (M-SPHARM, l = 1-8)",48,9999,42,Residual,39,67.44858599148455,0.7588911601259998,NA,NA,free
M1,M1 Layer first (direct analogue),B,"B log(SDI), full sample",morph,"D_morph (M-SPHARM, l = 1-8)",48,9999,42,Total,47,88.87781217570905,1,NA,NA,free
M1,M1 Layer first (direct analogue),B,"B log(SDI), full sample",morph,"D_morph (M-SPHARM, l = 1-8)",48,9999,42,Layer,1,1.5298528392803667,0.017212989404553396,0.884588755344211,0.0342,restricted_within_layer
M1,M1 Layer first (direct analogue),B,"B log(SDI), full sample",morph,"D_morph (M-SPHARM, l = 1-8)",48,9999,42,core_type,5,15.418875291773652,0.17348396539387073,1.7830948641535398,0.0309,restricted_within_layer
M1,M1 Layer first (direct analogue),B,"B log(SDI), full sample",morph,"D_morph (M-SPHARM, l = 1-8)",48,9999,42,SDI,1,2.081079001445083,0.023415056587248635,1.203317754750337,0.3041,restricted_within_layer
M1,M1 Layer first (direct analogue),B,"B log(SDI), full sample",morph,"D_morph (M-SPHARM, l = 1-8)",48,9999,42,Layer:SDI,1,2.399419051725385,0.026996828488327296,1.3873877656842835,0.1988,restricted_within_layer
M1,M1 Layer first (direct analogue),B,"B log(SDI), full sample",morph,"D_morph (M-SPHARM, l = 1-8)",48,9999,42,Residual,39,67.44858599148455,0.7588911601259998,NA,NA,restricted_within_layer
M1,M1 Layer first (direct analogue),B,"B log(SDI), full sample",morph,"D_morph (M-SPHARM, l = 1-8)",48,9999,42,Total,47,88.87781217570905,1,NA,NA,restricted_within_layer
M1,M1 Layer first (direct analogue),B,"B log(SDI), full sample",combined,D_comb (MFA-normalised join),48,9999,42,Layer,1,0.0766908438886428,0.017519692801949076,0.9032310032925458,0.4918,free
M1,M1 Layer first (direct analogue),B,"B log(SDI), full sample",combined,D_comb (MFA-normalised join),48,9999,42,core_type,5,0.7521751767814071,0.1718311777817523,1.771757631360813,0.0063,free
M1,M1 Layer first (direct analogue),B,"B log(SDI), full sample",combined,D_comb (MFA-normalised join),48,9999,42,SDI,1,0.1339258978659933,0.0305947942396404,1.577320276616099,0.1377,free
M1,M1 Layer first (direct analogue),B,"B log(SDI), full sample",combined,D_comb (MFA-normalised join),48,9999,42,Layer:SDI,1,0.10323407946599761,0.02358338058663765,1.2158455487261108,0.2688,free
M1,M1 Layer first (direct analogue),B,"B log(SDI), full sample",combined,D_comb (MFA-normalised join),48,9999,42,Residual,39,3.3113820282454793,0.7564709545900205,NA,NA,free
M1,M1 Layer first (direct analogue),B,"B log(SDI), full sample",combined,D_comb (MFA-normalised join),48,9999,42,Total,47,4.377408026247521,1,NA,NA,free
M1,M1 Layer first (direct analogue),B,"B log(SDI), full sample",combined,D_comb (MFA-normalised join),48,9999,42,Layer,1,0.0766908438886428,0.017519692801949076,0.9032310032925458,0.007,restricted_within_layer
M1,M1 Layer first (direct analogue),B,"B log(SDI), full sample",combined,D_comb (MFA-normalised join),48,9999,42,core_type,5,0.7521751767814071,0.1718311777817523,1.771757631360813,0.0074,restricted_within_layer
M1,M1 Layer first (direct analogue),B,"B log(SDI), full sample",combined,D_comb (MFA-normalised join),48,9999,42,SDI,1,0.1339258978659933,0.0305947942396404,1.577320276616099,0.1477,restricted_within_layer
M1,M1 Layer first (direct analogue),B,"B log(SDI), full sample",combined,D_comb (MFA-normalised join),48,9999,42,Layer:SDI,1,0.10323407946599761,0.02358338058663765,1.2158455487261108,0.254,restricted_within_layer
M1,M1 Layer first (direct analogue),B,"B log(SDI), full sample",combined,D_comb (MFA-normalised join),48,9999,42,Residual,39,3.3113820282454793,0.7564709545900205,NA,NA,restricted_within_layer
M1,M1 Layer first (direct analogue),B,"B log(SDI), full sample",combined,D_comb (MFA-normalised join),48,9999,42,Total,47,4.377408026247521,1,NA,NA,restricted_within_layer
M2,M2 raw material controlled,B,"B log(SDI), full sample",scar,"D_scar (SP-SPHARM, l = 1-6)",48,9999,42,Raw_mat,1,1.3351532336229754,0.017892555687826113,0.985338743973115,0.3813,free
M2,M2 raw material controlled,B,"B log(SDI), full sample",scar,"D_scar (SP-SPHARM, l = 1-6)",48,9999,42,Layer,1,1.311162640446635,0.017571054744277587,0.9676337642357702,0.4083,free
M2,M2 raw material controlled,B,"B log(SDI), full sample",scar,"D_scar (SP-SPHARM, l = 1-6)",48,9999,42,core_type,5,17.20903193527786,0.23062039208788424,2.5400419195461734,0.0028,free
M2,M2 raw material controlled,B,"B log(SDI), full sample",scar,"D_scar (SP-SPHARM, l = 1-6)",48,9999,42,SDI,1,1.9876521639586642,0.02663677556706663,1.466880832379068,0.2124,free
M2,M2 raw material controlled,B,"B log(SDI), full sample",scar,"D_scar (SP-SPHARM, l = 1-6)",48,9999,42,Layer:SDI,1,1.2868577900825393,0.017245342400800865,0.9496968637159493,0.4125,free
M2,M2 raw material controlled,B,"B log(SDI), full sample",scar,"D_scar (SP-SPHARM, l = 1-6)",48,9999,42,Residual,38,51.490741826607184,0.6900338795121445,NA,NA,free
M2,M2 raw material controlled,B,"B log(SDI), full sample",scar,"D_scar (SP-SPHARM, l = 1-6)",48,9999,42,Total,47,74.62059958999586,1,NA,NA,free
M2,M2 raw material controlled,B,"B log(SDI), full sample",scar,"D_scar (SP-SPHARM, l = 1-6)",48,9999,42,Raw_mat,1,1.3351532336229754,0.017892555687826113,0.985338743973115,0.4121,restricted_within_layer
M2,M2 raw material controlled,B,"B log(SDI), full sample",scar,"D_scar (SP-SPHARM, l = 1-6)",48,9999,42,Layer,1,1.311162640446635,0.017571054744277587,0.9676337642357702,0.1625,restricted_within_layer
M2,M2 raw material controlled,B,"B log(SDI), full sample",scar,"D_scar (SP-SPHARM, l = 1-6)",48,9999,42,core_type,5,17.20903193527786,0.23062039208788424,2.5400419195461734,0.0026,restricted_within_layer
M2,M2 raw material controlled,B,"B log(SDI), full sample",scar,"D_scar (SP-SPHARM, l = 1-6)",48,9999,42,SDI,1,1.9876521639586642,0.02663677556706663,1.466880832379068,0.2314,restricted_within_layer
M2,M2 raw material controlled,B,"B log(SDI), full sample",scar,"D_scar (SP-SPHARM, l = 1-6)",48,9999,42,Layer:SDI,1,1.2868577900825393,0.017245342400800865,0.9496968637159493,0.3876,restricted_within_layer
M2,M2 raw material controlled,B,"B log(SDI), full sample",scar,"D_scar (SP-SPHARM, l = 1-6)",48,9999,42,Residual,38,51.490741826607184,0.6900338795121445,NA,NA,restricted_within_layer
M2,M2 raw material controlled,B,"B log(SDI), full sample",scar,"D_scar (SP-SPHARM, l = 1-6)",48,9999,42,Total,47,74.62059958999586,1,NA,NA,restricted_within_layer
M2,M2 raw material controlled,B,"B log(SDI), full sample",morph,"D_morph (M-SPHARM, l = 1-8)",48,9999,42,Raw_mat,1,3.7119592472800695,0.04176474596316149,2.2480811509739635,0.0641,free
M2,M2 raw material controlled,B,"B log(SDI), full sample",morph,"D_morph (M-SPHARM, l = 1-8)",48,9999,42,Layer,1,1.0075133684379391,0.011335938000432687,0.610182295131411,0.668,free
M2,M2 raw material controlled,B,"B log(SDI), full sample",morph,"D_morph (M-SPHARM, l = 1-8)",48,9999,42,core_type,5,17.4341055767955,0.19615813159676726,2.111730303073927,0.0084,free
M2,M2 raw material controlled,B,"B log(SDI), full sample",morph,"D_morph (M-SPHARM, l = 1-8)",48,9999,42,SDI,1,1.847647239570744,0.020788621978205257,1.1189942173992484,0.3352,free
M2,M2 raw material controlled,B,"B log(SDI), full sample",morph,"D_morph (M-SPHARM, l = 1-8)",48,9999,42,Layer:SDI,1,2.1322096843127305,0.02399034845836899,1.291334328290359,0.2461,free
M2,M2 raw material controlled,B,"B log(SDI), full sample",morph,"D_morph (M-SPHARM, l = 1-8)",48,9999,42,Residual,38,62.744377059312065,0.7059622140030642,NA,NA,free
M2,M2 raw material controlled,B,"B log(SDI), full sample",morph,"D_morph (M-SPHARM, l = 1-8)",48,9999,42,Total,47,88.87781217570905,1,NA,NA,free
M2,M2 raw material controlled,B,"B log(SDI), full sample",morph,"D_morph (M-SPHARM, l = 1-8)",48,9999,42,Raw_mat,1,3.7119592472800695,0.04176474596316149,2.2480811509739635,0.0664,restricted_within_layer
M2,M2 raw material controlled,B,"B log(SDI), full sample",morph,"D_morph (M-SPHARM, l = 1-8)",48,9999,42,Layer,1,1.0075133684379391,0.011335938000432687,0.610182295131411,0.9031,restricted_within_layer
M2,M2 raw material controlled,B,"B log(SDI), full sample",morph,"D_morph (M-SPHARM, l = 1-8)",48,9999,42,core_type,5,17.4341055767955,0.19615813159676726,2.111730303073927,0.0071,restricted_within_layer
M2,M2 raw material controlled,B,"B log(SDI), full sample",morph,"D_morph (M-SPHARM, l = 1-8)",48,9999,42,SDI,1,1.847647239570744,0.020788621978205257,1.1189942173992484,0.3518,restricted_within_layer
M2,M2 raw material controlled,B,"B log(SDI), full sample",morph,"D_morph (M-SPHARM, l = 1-8)",48,9999,42,Layer:SDI,1,2.1322096843127305,0.02399034845836899,1.291334328290359,0.2287,restricted_within_layer
M2,M2 raw material controlled,B,"B log(SDI), full sample",morph,"D_morph (M-SPHARM, l = 1-8)",48,9999,42,Residual,38,62.744377059312065,0.7059622140030642,NA,NA,restricted_within_layer
M2,M2 raw material controlled,B,"B log(SDI), full sample",morph,"D_morph (M-SPHARM, l = 1-8)",48,9999,42,Total,47,88.87781217570905,1,NA,NA,restricted_within_layer
M2,M2 raw material controlled,B,"B log(SDI), full sample",combined,D_comb (MFA-normalised join),48,9999,42,Raw_mat,1,0.13110503385788172,0.0299503800129571,1.6303512963205808,0.1175,free
M2,M2 raw material controlled,B,"B log(SDI), full sample",combined,D_comb (MFA-normalised join),48,9999,42,Layer,1,0.06312967511593692,0.014421702235067647,0.7850464977045376,0.5946,free
M2,M2 raw material controlled,B,"B log(SDI), full sample",combined,D_comb (MFA-normalised join),48,9999,42,core_type,5,0.9333226250464549,0.2132135317178861,2.321259080378686,2e-4,free
M2,M2 raw material controlled,B,"B log(SDI), full sample",combined,D_comb (MFA-normalised join),48,9999,42,SDI,1,0.10366961954027065,0.023682877839729315,1.289179321594605,0.2458,free
M2,M2 raw material controlled,B,"B log(SDI), full sample",combined,D_comb (MFA-normalised join),48,9999,42,Layer:SDI,1,0.09040327937151504,0.02065223959691328,1.1242062900098209,0.3179,free
M2,M2 raw material controlled,B,"B log(SDI), full sample",combined,D_comb (MFA-normalised join),48,9999,42,Residual,38,3.055777793315461,0.6980792685974464,NA,NA,free
M2,M2 raw material controlled,B,"B log(SDI), full sample",combined,D_comb (MFA-normalised join),48,9999,42,Total,47,4.377408026247521,1,NA,NA,free
M2,M2 raw material controlled,B,"B log(SDI), full sample",combined,D_comb (MFA-normalised join),48,9999,42,Raw_mat,1,0.13110503385788172,0.0299503800129571,1.6303512963205808,0.1291,restricted_within_layer
M2,M2 raw material controlled,B,"B log(SDI), full sample",combined,D_comb (MFA-normalised join),48,9999,42,Layer,1,0.06312967511593692,0.014421702235067647,0.7850464977045376,0.6133,restricted_within_layer
M2,M2 raw material controlled,B,"B log(SDI), full sample",combined,D_comb (MFA-normalised join),48,9999,42,core_type,5,0.9333226250464549,0.2132135317178861,2.321259080378686,1e-4,restricted_within_layer
M2,M2 raw material controlled,B,"B log(SDI), full sample",combined,D_comb (MFA-normalised join),48,9999,42,SDI,1,0.10366961954027065,0.023682877839729315,1.289179321594605,0.2708,restricted_within_layer
M2,M2 raw material controlled,B,"B log(SDI), full sample",combined,D_comb (MFA-normalised join),48,9999,42,Layer:SDI,1,0.09040327937151504,0.02065223959691328,1.1242062900098209,0.3034,restricted_within_layer
M2,M2 raw material controlled,B,"B log(SDI), full sample",combined,D_comb (MFA-normalised join),48,9999,42,Residual,38,3.055777793315461,0.6980792685974464,NA,NA,restricted_within_layer
M2,M2 raw material controlled,B,"B log(SDI), full sample",combined,D_comb (MFA-normalised join),48,9999,42,Total,47,4.377408026247521,1,NA,NA,restricted_within_layer
M1,M1 Layer first (direct analogue),C,"C raw SDI, common support",scar,"D_scar (SP-SPHARM, l = 1-6)",46,9999,42,Layer,1,1.4431897665945423,0.021389648872602498,1.0361056454507378,0.371,free
M1,M1 Layer first (direct analogue),C,"C raw SDI, common support",scar,"D_scar (SP-SPHARM, l = 1-6)",46,9999,42,core_type,5,11.310669964804822,0.16763648458507666,1.6240482403111145,0.0808,free
M1,M1 Layer first (direct analogue),C,"C raw SDI, common support",scar,"D_scar (SP-SPHARM, l = 1-6)",46,9999,42,SDI,1,1.8906121251170376,0.028020936987352932,1.3573224682805805,0.2327,free
M1,M1 Layer first (direct analogue),C,"C raw SDI, common support",scar,"D_scar (SP-SPHARM, l = 1-6)",46,9999,42,Layer:SDI,1,1.2897018518037964,0.019114790306144585,0.9259124479210658,0.4209,free
M1,M1 Layer first (direct analogue),C,"C raw SDI, common support",scar,"D_scar (SP-SPHARM, l = 1-6)",46,9999,42,Residual,37,51.537236186729096,0.7638381392488232,NA,NA,free
M1,M1 Layer first (direct analogue),C,"C raw SDI, common support",scar,"D_scar (SP-SPHARM, l = 1-6)",46,9999,42,Total,45,67.4714098950493,1,NA,NA,free
M1,M1 Layer first (direct analogue),C,"C raw SDI, common support",scar,"D_scar (SP-SPHARM, l = 1-6)",46,9999,42,Layer,1,1.4431897665945423,0.021389648872602498,1.0361056454507378,0.0975,restricted_within_layer
M1,M1 Layer first (direct analogue),C,"C raw SDI, common support",scar,"D_scar (SP-SPHARM, l = 1-6)",46,9999,42,core_type,5,11.310669964804822,0.16763648458507666,1.6240482403111145,0.0784,restricted_within_layer
M1,M1 Layer first (direct analogue),C,"C raw SDI, common support",scar,"D_scar (SP-SPHARM, l = 1-6)",46,9999,42,SDI,1,1.8906121251170376,0.028020936987352932,1.3573224682805805,0.2365,restricted_within_layer
M1,M1 Layer first (direct analogue),C,"C raw SDI, common support",scar,"D_scar (SP-SPHARM, l = 1-6)",46,9999,42,Layer:SDI,1,1.2897018518037964,0.019114790306144585,0.9259124479210658,0.407,restricted_within_layer
M1,M1 Layer first (direct analogue),C,"C raw SDI, common support",scar,"D_scar (SP-SPHARM, l = 1-6)",46,9999,42,Residual,37,51.537236186729096,0.7638381392488232,NA,NA,restricted_within_layer
M1,M1 Layer first (direct analogue),C,"C raw SDI, common support",scar,"D_scar (SP-SPHARM, l = 1-6)",46,9999,42,Total,45,67.4714098950493,1,NA,NA,restricted_within_layer
M1,M1 Layer first (direct analogue),C,"C raw SDI, common support",morph,"D_morph (M-SPHARM, l = 1-8)",46,9999,42,Layer,1,1.7943514586755258,0.02135455912735242,1.0630268669076173,0.3533,free
M1,M1 Layer first (direct analogue),C,"C raw SDI, common support",morph,"D_morph (M-SPHARM, l = 1-8)",46,9999,42,core_type,5,17.191831359567683,0.20459981655229728,2.036989859283761,0.009,free
M1,M1 Layer first (direct analogue),C,"C raw SDI, common support",morph,"D_morph (M-SPHARM, l = 1-8)",46,9999,42,SDI,1,1.2295511806276558,0.014632876552623708,0.7284224798468162,0.5761,free
M1,M1 Layer first (direct analogue),C,"C raw SDI, common support",morph,"D_morph (M-SPHARM, l = 1-8)",46,9999,42,Layer:SDI,1,1.3562064775244878,0.016140199999933293,0.8034568231949553,0.5176,free
M1,M1 Layer first (direct analogue),C,"C raw SDI, common support",morph,"D_morph (M-SPHARM, l = 1-8)",46,9999,42,Residual,37,62.454681097692514,0.7432725477677933,NA,NA,free
M1,M1 Layer first (direct analogue),C,"C raw SDI, common support",morph,"D_morph (M-SPHARM, l = 1-8)",46,9999,42,Total,45,84.02662157408787,1,NA,NA,free
M1,M1 Layer first (direct analogue),C,"C raw SDI, common support",morph,"D_morph (M-SPHARM, l = 1-8)",46,9999,42,Layer,1,1.7943514586755258,0.02135455912735242,1.0630268669076173,0.0236,restricted_within_layer
M1,M1 Layer first (direct analogue),C,"C raw SDI, common support",morph,"D_morph (M-SPHARM, l = 1-8)",46,9999,42,core_type,5,17.191831359567683,0.20459981655229728,2.036989859283761,0.0086,restricted_within_layer
M1,M1 Layer first (direct analogue),C,"C raw SDI, common support",morph,"D_morph (M-SPHARM, l = 1-8)",46,9999,42,SDI,1,1.2295511806276558,0.014632876552623708,0.7284224798468162,0.5774,restricted_within_layer
M1,M1 Layer first (direct analogue),C,"C raw SDI, common support",morph,"D_morph (M-SPHARM, l = 1-8)",46,9999,42,Layer:SDI,1,1.3562064775244878,0.016140199999933293,0.8034568231949553,0.501,restricted_within_layer
M1,M1 Layer first (direct analogue),C,"C raw SDI, common support",morph,"D_morph (M-SPHARM, l = 1-8)",46,9999,42,Residual,37,62.454681097692514,0.7432725477677933,NA,NA,restricted_within_layer
M1,M1 Layer first (direct analogue),C,"C raw SDI, common support",morph,"D_morph (M-SPHARM, l = 1-8)",46,9999,42,Total,45,84.02662157408787,1,NA,NA,restricted_within_layer
M1,M1 Layer first (direct analogue),C,"C raw SDI, common support",combined,D_comb (MFA-normalised join),46,9999,42,Layer,1,0.0906146249062708,0.021370843344909594,1.0503505334190415,0.3777,free
M1,M1 Layer first (direct analogue),C,"C raw SDI, common support",combined,D_comb (MFA-normalised join),46,9999,42,core_type,5,0.794791264369095,0.18744611722780655,1.842548991071533,0.0046,free
M1,M1 Layer first (direct analogue),C,"C raw SDI, common support",combined,D_comb (MFA-normalised join),46,9999,42,SDI,1,0.08838889189932186,0.020845919344304825,1.0245511676597578,0.3892,free
M1,M1 Layer first (direct analogue),C,"C raw SDI, common support",combined,D_comb (MFA-normalised join),46,9999,42,Layer:SDI,1,0.0742893077042035,0.01752062825168137,0.8611172209249147,0.5255,free
M1,M1 Layer first (direct analogue),C,"C raw SDI, common support",combined,D_comb (MFA-normalised join),46,9999,42,Residual,37,3.1920211537555625,0.7528164918312976,NA,NA,free
M1,M1 Layer first (direct analogue),C,"C raw SDI, common support",combined,D_comb (MFA-normalised join),46,9999,42,Total,45,4.240105242634454,1,NA,NA,free
M1,M1 Layer first (direct analogue),C,"C raw SDI, common support",combined,D_comb (MFA-normalised join),46,9999,42,Layer,1,0.0906146249062708,0.021370843344909594,1.0503505334190415,0.0109,restricted_within_layer
M1,M1 Layer first (direct analogue),C,"C raw SDI, common support",combined,D_comb (MFA-normalised join),46,9999,42,core_type,5,0.794791264369095,0.18744611722780655,1.842548991071533,0.0032,restricted_within_layer
M1,M1 Layer first (direct analogue),C,"C raw SDI, common support",combined,D_comb (MFA-normalised join),46,9999,42,SDI,1,0.08838889189932186,0.020845919344304825,1.0245511676597578,0.3898,restricted_within_layer
M1,M1 Layer first (direct analogue),C,"C raw SDI, common support",combined,D_comb (MFA-normalised join),46,9999,42,Layer:SDI,1,0.0742893077042035,0.01752062825168137,0.8611172209249147,0.5083,restricted_within_layer
M1,M1 Layer first (direct analogue),C,"C raw SDI, common support",combined,D_comb (MFA-normalised join),46,9999,42,Residual,37,3.1920211537555625,0.7528164918312976,NA,NA,restricted_within_layer
M1,M1 Layer first (direct analogue),C,"C raw SDI, common support",combined,D_comb (MFA-normalised join),46,9999,42,Total,45,4.240105242634454,1,NA,NA,restricted_within_layer
M2,M2 raw material controlled,C,"C raw SDI, common support",scar,"D_scar (SP-SPHARM, l = 1-6)",46,9999,42,Raw_mat,1,1.2222222568484844,0.018114668994610183,0.9103142056662369,0.4182,free
M2,M2 raw material controlled,C,"C raw SDI, common support",scar,"D_scar (SP-SPHARM, l = 1-6)",46,9999,42,Layer,1,1.4058622364214266,0.020836414099071335,1.047089723536904,0.36870000000000003,free
M2,M2 raw material controlled,C,"C raw SDI, common support",scar,"D_scar (SP-SPHARM, l = 1-6)",46,9999,42,core_type,5,15.01260123202737,0.22250314993238218,2.2362846182748126,0.0109,free
M2,M2 raw material controlled,C,"C raw SDI, common support",scar,"D_scar (SP-SPHARM, l = 1-6)",46,9999,42,SDI,1,0.7963625224567217,0.011802962524355884,0.5931328062392013,0.6314,free
M2,M2 raw material controlled,C,"C raw SDI, common support",scar,"D_scar (SP-SPHARM, l = 1-6)",46,9999,42,Layer:SDI,1,0.6994010670164243,0.010365887834629979,0.5209156707756646,0.6887,free
M2,M2 raw material controlled,C,"C raw SDI, common support",scar,"D_scar (SP-SPHARM, l = 1-6)",46,9999,42,Residual,36,48.334960580278874,0.7163769166149504,NA,NA,free
M2,M2 raw material controlled,C,"C raw SDI, common support",scar,"D_scar (SP-SPHARM, l = 1-6)",46,9999,42,Total,45,67.4714098950493,1,NA,NA,free
M2,M2 raw material controlled,C,"C raw SDI, common support",scar,"D_scar (SP-SPHARM, l = 1-6)",46,9999,42,Raw_mat,1,1.2222222568484844,0.018114668994610183,0.9103142056662369,0.4357,restricted_within_layer
M2,M2 raw material controlled,C,"C raw SDI, common support",scar,"D_scar (SP-SPHARM, l = 1-6)",46,9999,42,Layer,1,1.4058622364214266,0.020836414099071335,1.047089723536904,0.3286,restricted_within_layer
M2,M2 raw material controlled,C,"C raw SDI, common support",scar,"D_scar (SP-SPHARM, l = 1-6)",46,9999,42,core_type,5,15.01260123202737,0.22250314993238218,2.2362846182748126,0.0119,restricted_within_layer
M2,M2 raw material controlled,C,"C raw SDI, common support",scar,"D_scar (SP-SPHARM, l = 1-6)",46,9999,42,SDI,1,0.7963625224567217,0.011802962524355884,0.5931328062392013,0.6287,restricted_within_layer
M2,M2 raw material controlled,C,"C raw SDI, common support",scar,"D_scar (SP-SPHARM, l = 1-6)",46,9999,42,Layer:SDI,1,0.6994010670164243,0.010365887834629979,0.5209156707756646,0.681,restricted_within_layer
M2,M2 raw material controlled,C,"C raw SDI, common support",scar,"D_scar (SP-SPHARM, l = 1-6)",46,9999,42,Residual,36,48.334960580278874,0.7163769166149504,NA,NA,restricted_within_layer
M2,M2 raw material controlled,C,"C raw SDI, common support",scar,"D_scar (SP-SPHARM, l = 1-6)",46,9999,42,Total,45,67.4714098950493,1,NA,NA,restricted_within_layer
M2,M2 raw material controlled,C,"C raw SDI, common support",morph,"D_morph (M-SPHARM, l = 1-8)",46,9999,42,Raw_mat,1,4.1061564404024535,0.048867327562158114,2.520616125903611,0.0432,free
M2,M2 raw material controlled,C,"C raw SDI, common support",morph,"D_morph (M-SPHARM, l = 1-8)",46,9999,42,Layer,1,1.001017414059846,0.011913098436038274,0.6144872151880987,0.666,free
M2,M2 raw material controlled,C,"C raw SDI, common support",morph,"D_morph (M-SPHARM, l = 1-8)",46,9999,42,core_type,5,17.170997278193497,0.2043518703540104,2.10812682202724,0.0074,free
M2,M2 raw material controlled,C,"C raw SDI, common support",morph,"D_morph (M-SPHARM, l = 1-8)",46,9999,42,SDI,1,2.2619189341942203,0.026919075071938282,1.3885075797204285,0.2098,free
M2,M2 raw material controlled,C,"C raw SDI, common support",morph,"D_morph (M-SPHARM, l = 1-8)",46,9999,42,Layer:SDI,1,0.8414921712715326,0.010014590084757519,0.5165606248847102,0.7531,free
M2,M2 raw material controlled,C,"C raw SDI, common support",morph,"D_morph (M-SPHARM, l = 1-8)",46,9999,42,Residual,36,58.645039335966324,0.6979340384910975,NA,NA,free
M2,M2 raw material controlled,C,"C raw SDI, common support",morph,"D_morph (M-SPHARM, l = 1-8)",46,9999,42,Total,45,84.02662157408787,1,NA,NA,free
M2,M2 raw material controlled,C,"C raw SDI, common support",morph,"D_morph (M-SPHARM, l = 1-8)",46,9999,42,Raw_mat,1,4.1061564404024535,0.048867327562158114,2.520616125903611,0.0444,restricted_within_layer
M2,M2 raw material controlled,C,"C raw SDI, common support",morph,"D_morph (M-SPHARM, l = 1-8)",46,9999,42,Layer,1,1.001017414059846,0.011913098436038274,0.6144872151880987,0.9265,restricted_within_layer
M2,M2 raw material controlled,C,"C raw SDI, common support",morph,"D_morph (M-SPHARM, l = 1-8)",46,9999,42,core_type,5,17.170997278193497,0.2043518703540104,2.10812682202724,0.0073,restricted_within_layer
M2,M2 raw material controlled,C,"C raw SDI, common support",morph,"D_morph (M-SPHARM, l = 1-8)",46,9999,42,SDI,1,2.2619189341942203,0.026919075071938282,1.3885075797204285,0.2043,restricted_within_layer
M2,M2 raw material controlled,C,"C raw SDI, common support",morph,"D_morph (M-SPHARM, l = 1-8)",46,9999,42,Layer:SDI,1,0.8414921712715326,0.010014590084757519,0.5165606248847102,0.7356,restricted_within_layer
M2,M2 raw material controlled,C,"C raw SDI, common support",morph,"D_morph (M-SPHARM, l = 1-8)",46,9999,42,Residual,36,58.645039335966324,0.6979340384910975,NA,NA,restricted_within_layer
M2,M2 raw material controlled,C,"C raw SDI, common support",morph,"D_morph (M-SPHARM, l = 1-8)",46,9999,42,Total,45,84.02662157408787,1,NA,NA,restricted_within_layer
M2,M2 raw material controlled,C,"C raw SDI, common support",combined,D_comb (MFA-normalised join),46,9999,42,Raw_mat,1,0.14668998809567374,0.034595836589313665,1.7628629230802062,0.0892,free
M2,M2 raw material controlled,C,"C raw SDI, common support",combined,D_comb (MFA-normalised join),46,9999,42,Layer,1,0.0680713785210331,0.016054171919265645,0.8180552120531986,0.5727,free
M2,M2 raw material controlled,C,"C raw SDI, common support",combined,D_comb (MFA-normalised join),46,9999,42,core_type,5,0.9021900740855099,0.21277539647222599,2.1684335131843064,0.0015,free
M2,M2 raw material controlled,C,"C raw SDI, common support",combined,D_comb (MFA-normalised join),46,9999,42,SDI,1,0.08439543318856946,0.019904089252306637,1.0142313185572454,0.3994,free
M2,M2 raw material controlled,C,"C raw SDI, common support",combined,D_comb (MFA-normalised join),46,9999,42,Layer:SDI,1,0.04315417155675494,0.010177618027693689,0.5186099610562948,0.8437,free
M2,M2 raw material controlled,C,"C raw SDI, common support",combined,D_comb (MFA-normalised join),46,9999,42,Residual,36,2.9956041971869123,0.7064928877391943,NA,NA,free
M2,M2 raw material controlled,C,"C raw SDI, common support",combined,D_comb (MFA-normalised join),46,9999,42,Total,45,4.240105242634454,1,NA,NA,free
M2,M2 raw material controlled,C,"C raw SDI, common support",combined,D_comb (MFA-normalised join),46,9999,42,Raw_mat,1,0.14668998809567374,0.034595836589313665,1.7628629230802062,0.1026,restricted_within_layer
M2,M2 raw material controlled,C,"C raw SDI, common support",combined,D_comb (MFA-normalised join),46,9999,42,Layer,1,0.0680713785210331,0.016054171919265645,0.8180552120531986,0.7727,restricted_within_layer
M2,M2 raw material controlled,C,"C raw SDI, common support",combined,D_comb (MFA-normalised join),46,9999,42,core_type,5,0.9021900740855099,0.21277539647222599,2.1684335131843064,5e-4,restricted_within_layer
M2,M2 raw material controlled,C,"C raw SDI, common support",combined,D_comb (MFA-normalised join),46,9999,42,SDI,1,0.08439543318856946,0.019904089252306637,1.0142313185572454,0.3932,restricted_within_layer
M2,M2 raw material controlled,C,"C raw SDI, common support",combined,D_comb (MFA-normalised join),46,9999,42,Layer:SDI,1,0.04315417155675494,0.010177618027693689,0.5186099610562948,0.8344,restricted_within_layer
M2,M2 raw material controlled,C,"C raw SDI, common support",combined,D_comb (MFA-normalised join),46,9999,42,Residual,36,2.9956041971869123,0.7064928877391943,NA,NA,restricted_within_layer
M2,M2 raw material controlled,C,"C raw SDI, common support",combined,D_comb (MFA-normalised join),46,9999,42,Total,45,4.240105242634454,1,NA,NA,restricted_within_layer
M1,M1 Layer first (direct analogue),D,"D log(SDI), common support",scar,"D_scar (SP-SPHARM, l = 1-6)",46,9999,42,Layer,1,1.4431897665945423,0.021389648872602498,1.0144556629789667,0.3799,free
M1,M1 Layer first (direct analogue),D,"D log(SDI), common support",scar,"D_scar (SP-SPHARM, l = 1-6)",46,9999,42,core_type,5,11.310669964804822,0.16763648458507666,1.5901128823768853,0.0891,free
M1,M1 Layer first (direct analogue),D,"D log(SDI), common support",scar,"D_scar (SP-SPHARM, l = 1-6)",46,9999,42,SDI,1,1.3886072336337865,0.020580676108499032,0.9760881794064953,0.3888,free
M1,M1 Layer first (direct analogue),D,"D log(SDI), common support",scar,"D_scar (SP-SPHARM, l = 1-6)",46,9999,42,Layer:SDI,1,0.691825988706114,0.010253616899101979,0.4863025003946796,0.7117,free
M1,M1 Layer first (direct analogue),D,"D log(SDI), common support",scar,"D_scar (SP-SPHARM, l = 1-6)",46,9999,42,Residual,37,52.63711694131003,0.7801395735347197,NA,NA,free
M1,M1 Layer first (direct analogue),D,"D log(SDI), common support",scar,"D_scar (SP-SPHARM, l = 1-6)",46,9999,42,Total,45,67.4714098950493,1,NA,NA,free
M1,M1 Layer first (direct analogue),D,"D log(SDI), common support",scar,"D_scar (SP-SPHARM, l = 1-6)",46,9999,42,Layer,1,1.4431897665945423,0.021389648872602498,1.0144556629789667,0.1557,restricted_within_layer
M1,M1 Layer first (direct analogue),D,"D log(SDI), common support",scar,"D_scar (SP-SPHARM, l = 1-6)",46,9999,42,core_type,5,11.310669964804822,0.16763648458507666,1.5901128823768853,0.0881,restricted_within_layer
M1,M1 Layer first (direct analogue),D,"D log(SDI), common support",scar,"D_scar (SP-SPHARM, l = 1-6)",46,9999,42,SDI,1,1.3886072336337865,0.020580676108499032,0.9760881794064953,0.4039,restricted_within_layer
M1,M1 Layer first (direct analogue),D,"D log(SDI), common support",scar,"D_scar (SP-SPHARM, l = 1-6)",46,9999,42,Layer:SDI,1,0.691825988706114,0.010253616899101979,0.4863025003946796,0.6968,restricted_within_layer
M1,M1 Layer first (direct analogue),D,"D log(SDI), common support",scar,"D_scar (SP-SPHARM, l = 1-6)",46,9999,42,Residual,37,52.63711694131003,0.7801395735347197,NA,NA,restricted_within_layer
M1,M1 Layer first (direct analogue),D,"D log(SDI), common support",scar,"D_scar (SP-SPHARM, l = 1-6)",46,9999,42,Total,45,67.4714098950493,1,NA,NA,restricted_within_layer
M1,M1 Layer first (direct analogue),D,"D log(SDI), common support",morph,"D_morph (M-SPHARM, l = 1-8)",46,9999,42,Layer,1,1.7943514586755258,0.02135455912735242,1.0597112006398492,0.3539,free
M1,M1 Layer first (direct analogue),D,"D log(SDI), common support",morph,"D_morph (M-SPHARM, l = 1-8)",46,9999,42,core_type,5,17.191831359567683,0.20459981655229728,2.0306363241338357,0.0092,free
M1,M1 Layer first (direct analogue),D,"D log(SDI), common support",morph,"D_morph (M-SPHARM, l = 1-8)",46,9999,42,SDI,1,1.04871254839491,0.01248071776240867,0.6193504780863609,0.6603,free
M1,M1 Layer first (direct analogue),D,"D log(SDI), common support",morph,"D_morph (M-SPHARM, l = 1-8)",46,9999,42,Layer:SDI,1,1.3416344363069683,0.015966778280190923,0.7923447953546765,0.5234,free
M1,M1 Layer first (direct analogue),D,"D log(SDI), common support",morph,"D_morph (M-SPHARM, l = 1-8)",46,9999,42,Residual,37,62.65009177114278,0.7455981282777507,NA,NA,free
M1,M1 Layer first (direct analogue),D,"D log(SDI), common support",morph,"D_morph (M-SPHARM, l = 1-8)",46,9999,42,Total,45,84.02662157408787,1,NA,NA,free
M1,M1 Layer first (direct analogue),D,"D log(SDI), common support",morph,"D_morph (M-SPHARM, l = 1-8)",46,9999,42,Layer,1,1.7943514586755258,0.02135455912735242,1.0597112006398492,0.0278,restricted_within_layer
M1,M1 Layer first (direct analogue),D,"D log(SDI), common support",morph,"D_morph (M-SPHARM, l = 1-8)",46,9999,42,core_type,5,17.191831359567683,0.20459981655229728,2.0306363241338357,0.009,restricted_within_layer
M1,M1 Layer first (direct analogue),D,"D log(SDI), common support",morph,"D_morph (M-SPHARM, l = 1-8)",46,9999,42,SDI,1,1.04871254839491,0.01248071776240867,0.6193504780863609,0.6814,restricted_within_layer
M1,M1 Layer first (direct analogue),D,"D log(SDI), common support",morph,"D_morph (M-SPHARM, l = 1-8)",46,9999,42,Layer:SDI,1,1.3416344363069683,0.015966778280190923,0.7923447953546765,0.4925,restricted_within_layer
M1,M1 Layer first (direct analogue),D,"D log(SDI), common support",morph,"D_morph (M-SPHARM, l = 1-8)",46,9999,42,Residual,37,62.65009177114278,0.7455981282777507,NA,NA,restricted_within_layer
M1,M1 Layer first (direct analogue),D,"D log(SDI), common support",morph,"D_morph (M-SPHARM, l = 1-8)",46,9999,42,Total,45,84.02662157408787,1,NA,NA,restricted_within_layer
M1,M1 Layer first (direct analogue),D,"D log(SDI), common support",combined,D_comb (MFA-normalised join),46,9999,42,Layer,1,0.0906146249062708,0.021370843344909594,1.038198849576994,0.3865,free
M1,M1 Layer first (direct analogue),D,"D log(SDI), common support",combined,D_comb (MFA-normalised join),46,9999,42,core_type,5,0.794791264369095,0.18744611722780655,1.8212322286283305,0.0055,free
M1,M1 Layer first (direct analogue),D,"D log(SDI), common support",combined,D_comb (MFA-normalised join),46,9999,42,SDI,1,0.06885800747924475,0.016239693012068266,0.7889267789064011,0.5932,free
M1,M1 Layer first (direct analogue),D,"D log(SDI), common support",combined,D_comb (MFA-normalised join),46,9999,42,Layer:SDI,1,0.05645891793931168,0.013315452025014534,0.6468667029586627,0.723,free
M1,M1 Layer first (direct analogue),D,"D log(SDI), common support",combined,D_comb (MFA-normalised join),46,9999,42,Residual,37,3.229382427940531,0.761627894390201,NA,NA,free
M1,M1 Layer first (direct analogue),D,"D log(SDI), common support",combined,D_comb (MFA-normalised join),46,9999,42,Total,45,4.240105242634454,1,NA,NA,free
M1,M1 Layer first (direct analogue),D,"D log(SDI), common support",combined,D_comb (MFA-normalised join),46,9999,42,Layer,1,0.0906146249062708,0.021370843344909594,1.038198849576994,0.0208,restricted_within_layer
M1,M1 Layer first (direct analogue),D,"D log(SDI), common support",combined,D_comb (MFA-normalised join),46,9999,42,core_type,5,0.794791264369095,0.18744611722780655,1.8212322286283305,0.0041,restricted_within_layer
M1,M1 Layer first (direct analogue),D,"D log(SDI), common support",combined,D_comb (MFA-normalised join),46,9999,42,SDI,1,0.06885800747924475,0.016239693012068266,0.7889267789064011,0.6127,restricted_within_layer
M1,M1 Layer first (direct analogue),D,"D log(SDI), common support",combined,D_comb (MFA-normalised join),46,9999,42,Layer:SDI,1,0.05645891793931168,0.013315452025014534,0.6468667029586627,0.7007,restricted_within_layer
M1,M1 Layer first (direct analogue),D,"D log(SDI), common support",combined,D_comb (MFA-normalised join),46,9999,42,Residual,37,3.229382427940531,0.761627894390201,NA,NA,restricted_within_layer
M1,M1 Layer first (direct analogue),D,"D log(SDI), common support",combined,D_comb (MFA-normalised join),46,9999,42,Total,45,4.240105242634454,1,NA,NA,restricted_within_layer
M2,M2 raw material controlled,D,"D log(SDI), common support",scar,"D_scar (SP-SPHARM, l = 1-6)",46,9999,42,Raw_mat,1,1.2222222568484844,0.018114668994610183,0.9172840939287313,0.4154,free
M2,M2 raw material controlled,D,"D log(SDI), common support",scar,"D_scar (SP-SPHARM, l = 1-6)",46,9999,42,Layer,1,1.4058622364214266,0.020836414099071335,1.0551068437009434,0.3657,free
M2,M2 raw material controlled,D,"D log(SDI), common support",scar,"D_scar (SP-SPHARM, l = 1-6)",46,9999,42,core_type,5,15.01260123202737,0.22250314993238218,2.2534068973906294,0.0103,free
M2,M2 raw material controlled,D,"D log(SDI), common support",scar,"D_scar (SP-SPHARM, l = 1-6)",46,9999,42,SDI,1,1.467441711496825,0.02174908918873056,1.1013225566636522,0.3357,free
M2,M2 raw material controlled,D,"D log(SDI), common support",scar,"D_scar (SP-SPHARM, l = 1-6)",46,9999,42,Layer:SDI,1,0.3955900739980436,0.005863077036827563,0.2968923864389086,0.8631,free
M2,M2 raw material controlled,D,"D log(SDI), common support",scar,"D_scar (SP-SPHARM, l = 1-6)",46,9999,42,Residual,36,47.96769238425716,0.7109336007483783,NA,NA,free
M2,M2 raw material controlled,D,"D log(SDI), common support",scar,"D_scar (SP-SPHARM, l = 1-6)",46,9999,42,Total,45,67.4714098950493,1,NA,NA,free
M2,M2 raw material controlled,D,"D log(SDI), common support",scar,"D_scar (SP-SPHARM, l = 1-6)",46,9999,42,Raw_mat,1,1.2222222568484844,0.018114668994610183,0.9172840939287313,0.432,restricted_within_layer
M2,M2 raw material controlled,D,"D log(SDI), common support",scar,"D_scar (SP-SPHARM, l = 1-6)",46,9999,42,Layer,1,1.4058622364214266,0.020836414099071335,1.0551068437009434,0.3137,restricted_within_layer
M2,M2 raw material controlled,D,"D log(SDI), common support",scar,"D_scar (SP-SPHARM, l = 1-6)",46,9999,42,core_type,5,15.01260123202737,0.22250314993238218,2.2534068973906294,0.0115,restricted_within_layer
M2,M2 raw material controlled,D,"D log(SDI), common support",scar,"D_scar (SP-SPHARM, l = 1-6)",46,9999,42,SDI,1,1.467441711496825,0.02174908918873056,1.1013225566636522,0.3477,restricted_within_layer
M2,M2 raw material controlled,D,"D log(SDI), common support",scar,"D_scar (SP-SPHARM, l = 1-6)",46,9999,42,Layer:SDI,1,0.3955900739980436,0.005863077036827563,0.2968923864389086,0.8552,restricted_within_layer
M2,M2 raw material controlled,D,"D log(SDI), common support",scar,"D_scar (SP-SPHARM, l = 1-6)",46,9999,42,Residual,36,47.96769238425716,0.7109336007483783,NA,NA,restricted_within_layer
M2,M2 raw material controlled,D,"D log(SDI), common support",scar,"D_scar (SP-SPHARM, l = 1-6)",46,9999,42,Total,45,67.4714098950493,1,NA,NA,restricted_within_layer
M2,M2 raw material controlled,D,"D log(SDI), common support",morph,"D_morph (M-SPHARM, l = 1-8)",46,9999,42,Raw_mat,1,4.1061564404024535,0.048867327562158114,2.5524081869135853,0.0408,free
M2,M2 raw material controlled,D,"D log(SDI), common support",morph,"D_morph (M-SPHARM, l = 1-8)",46,9999,42,Layer,1,1.001017414059846,0.011913098436038274,0.6222376278091819,0.6584,free
M2,M2 raw material controlled,D,"D log(SDI), common support",morph,"D_morph (M-SPHARM, l = 1-8)",46,9999,42,core_type,5,17.170997278193497,0.2043518703540104,2.1347162323915914,0.0067,free
M2,M2 raw material controlled,D,"D log(SDI), common support",morph,"D_morph (M-SPHARM, l = 1-8)",46,9999,42,SDI,1,2.598624248762057,0.030926201721329483,1.6153183405263414,0.1552,free
M2,M2 raw material controlled,D,"D log(SDI), common support",morph,"D_morph (M-SPHARM, l = 1-8)",46,9999,42,Layer:SDI,1,1.235252570636348,0.014700728739250837,0.7678394186776885,0.5458,free
M2,M2 raw material controlled,D,"D log(SDI), common support",morph,"D_morph (M-SPHARM, l = 1-8)",46,9999,42,Residual,36,57.91457362203367,0.689240773187213,NA,NA,free
M2,M2 raw material controlled,D,"D log(SDI), common support",morph,"D_morph (M-SPHARM, l = 1-8)",46,9999,42,Total,45,84.02662157408787,1,NA,NA,free
M2,M2 raw material controlled,D,"D log(SDI), common support",morph,"D_morph (M-SPHARM, l = 1-8)",46,9999,42,Raw_mat,1,4.1061564404024535,0.048867327562158114,2.5524081869135853,0.0417,restricted_within_layer
M2,M2 raw material controlled,D,"D log(SDI), common support",morph,"D_morph (M-SPHARM, l = 1-8)",46,9999,42,Layer,1,1.001017414059846,0.011913098436038274,0.6222376278091819,0.9185,restricted_within_layer
M2,M2 raw material controlled,D,"D log(SDI), common support",morph,"D_morph (M-SPHARM, l = 1-8)",46,9999,42,core_type,5,17.170997278193497,0.2043518703540104,2.1347162323915914,0.0065,restricted_within_layer
M2,M2 raw material controlled,D,"D log(SDI), common support",morph,"D_morph (M-SPHARM, l = 1-8)",46,9999,42,SDI,1,2.598624248762057,0.030926201721329483,1.6153183405263414,0.1638,restricted_within_layer
M2,M2 raw material controlled,D,"D log(SDI), common support",morph,"D_morph (M-SPHARM, l = 1-8)",46,9999,42,Layer:SDI,1,1.235252570636348,0.014700728739250837,0.7678394186776885,0.5065,restricted_within_layer
M2,M2 raw material controlled,D,"D log(SDI), common support",morph,"D_morph (M-SPHARM, l = 1-8)",46,9999,42,Residual,36,57.91457362203367,0.689240773187213,NA,NA,restricted_within_layer
M2,M2 raw material controlled,D,"D log(SDI), common support",morph,"D_morph (M-SPHARM, l = 1-8)",46,9999,42,Total,45,84.02662157408787,1,NA,NA,restricted_within_layer
M2,M2 raw material controlled,D,"D log(SDI), common support",combined,D_comb (MFA-normalised join),46,9999,42,Raw_mat,1,0.14668998809567374,0.034595836589313665,1.7809754879947055,0.0861,free
M2,M2 raw material controlled,D,"D log(SDI), common support",combined,D_comb (MFA-normalised join),46,9999,42,Layer,1,0.0680713785210331,0.016054171919265645,0.826460334163356,0.5652,free
M2,M2 raw material controlled,D,"D log(SDI), common support",combined,D_comb (MFA-normalised join),46,9999,42,core_type,5,0.9021900740855099,0.21277539647222599,2.190713119985328,0.0014,free
M2,M2 raw material controlled,D,"D log(SDI), common support",combined,D_comb (MFA-normalised join),46,9999,42,SDI,1,0.11307236147120858,0.026667347860675903,1.3728210545532018,0.2017,free
M2,M2 raw material controlled,D,"D log(SDI), common support",combined,D_comb (MFA-normalised join),46,9999,42,Layer:SDI,1,0.044942612306671625,0.01059940962190551,0.5456520374957478,0.8166,free
M2,M2 raw material controlled,D,"D log(SDI), common support",combined,D_comb (MFA-normalised join),46,9999,42,Residual,36,2.9651388281543567,0.6993078375366133,NA,NA,free
M2,M2 raw material controlled,D,"D log(SDI), common support",combined,D_comb (MFA-normalised join),46,9999,42,Total,45,4.240105242634454,1,NA,NA,free
M2,M2 raw material controlled,D,"D log(SDI), common support",combined,D_comb (MFA-normalised join),46,9999,42,Raw_mat,1,0.14668998809567374,0.034595836589313665,1.7809754879947055,0.1005,restricted_within_layer
M2,M2 raw material controlled,D,"D log(SDI), common support",combined,D_comb (MFA-normalised join),46,9999,42,Layer,1,0.0680713785210331,0.016054171919265645,0.826460334163356,0.7583,restricted_within_layer
M2,M2 raw material controlled,D,"D log(SDI), common support",combined,D_comb (MFA-normalised join),46,9999,42,core_type,5,0.9021900740855099,0.21277539647222599,2.190713119985328,4e-4,restricted_within_layer
M2,M2 raw material controlled,D,"D log(SDI), common support",combined,D_comb (MFA-normalised join),46,9999,42,SDI,1,0.11307236147120858,0.026667347860675903,1.3728210545532018,0.2146,restricted_within_layer
M2,M2 raw material controlled,D,"D log(SDI), common support",combined,D_comb (MFA-normalised join),46,9999,42,Layer:SDI,1,0.044942612306671625,0.01059940962190551,0.5456520374957478,0.7932,restricted_within_layer
M2,M2 raw material controlled,D,"D log(SDI), common support",combined,D_comb (MFA-normalised join),46,9999,42,Residual,36,2.9651388281543567,0.6993078375366133,NA,NA,restricted_within_layer
M2,M2 raw material controlled,D,"D log(SDI), common support",combined,D_comb (MFA-normalised join),46,9999,42,Total,45,4.240105242634454,1,NA,NA,restricted_within_layer
