space,ID,sdg_type,raw_material,layer,exp_type,D2,p_emp,p_chisq
M,SDG_L2_489,Bifacial_adjacent,chert,2,Unidirectional,6.509525786250303,0.5625,0.48166562876172164
M,SDG_L2_489,Bifacial_adjacent,chert,2,Bidirectional,3.842382836664231,0.6666666666666666,0.7977423967774949
M,SDG_L2_489,Bifacial_adjacent,chert,2,Levallois,5.183853958283845,0.47619047619047616,0.6375378201859735
M,SDG_L2_489,Bifacial_adjacent,chert,2,Discoid,9.281067137003166,0,0.2331015498228399
M,SDG_L2_489,Bifacial_adjacent,chert,2,Multiplatform,5.598078368471887,0.4,0.5873816355326876
M,SDG_L2_494,Unifacial_unidirection,chert,2,Unidirectional,2.005041896303748,0.9375,0.9595607839937385
M,SDG_L2_494,Unifacial_unidirection,chert,2,Bidirectional,4.49071617734566,0.6666666666666666,0.721834912870604
M,SDG_L2_494,Unifacial_unidirection,chert,2,Levallois,5.526076926839625,0.47619047619047616,0.5960403907179229
M,SDG_L2_494,Unifacial_unidirection,chert,2,Discoid,2.823780384611969,0.8,0.9008113698772781
M,SDG_L2_494,Unifacial_unidirection,chert,2,Multiplatform,3.855627560045623,0.9,0.7962481180312968
M,SDG_L3_1066,Unifacial_centripetal,chert,3,Unidirectional,4.348586613885623,0.625,0.7388648463307792
M,SDG_L3_1066,Unifacial_centripetal,chert,3,Bidirectional,5.814708370378043,0.5,0.5615440367620717
M,SDG_L3_1066,Unifacial_centripetal,chert,3,Levallois,3.9334860938341043,0.8095238095238095,0.7874058841094592
M,SDG_L3_1066,Unifacial_centripetal,chert,3,Discoid,3.6295220592117112,0.6,0.8213223341659512
M,SDG_L3_1066,Unifacial_centripetal,chert,3,Multiplatform,3.342739365786758,1,0.8515908626781385
M,SDG_L3_1163,Multifacial,sandstone,3,Unidirectional,5.549212833827973,0.5625,0.5932546992321208
M,SDG_L3_1163,Multifacial,sandstone,3,Bidirectional,9.253947942133346,0.16666666666666666,0.23493424228669393
M,SDG_L3_1163,Multifacial,sandstone,3,Levallois,10.152657238648894,0,0.18008632627408971
M,SDG_L3_1163,Multifacial,sandstone,3,Discoid,6.283711671624741,0.2,0.5070398402767498
M,SDG_L3_1163,Multifacial,sandstone,3,Multiplatform,5.669172441503594,0.4,0.5788645895952208
M,SDG_L3_1191,Unifacial_centripetal,chert,3,Unidirectional,7.990533064209512,0.4375,0.33342942967657563
M,SDG_L3_1191,Unifacial_centripetal,chert,3,Bidirectional,5.236895915751114,0.6666666666666666,0.6310784885820541
M,SDG_L3_1191,Unifacial_centripetal,chert,3,Levallois,4.346908964847167,0.5714285714285714,0.7390648690528132
M,SDG_L3_1191,Unifacial_centripetal,chert,3,Discoid,7.506923301317802,0,0.37807020644140854
M,SDG_L3_1191,Unifacial_centripetal,chert,3,Multiplatform,7.956550757294756,0.2,0.3364408206641317
M,SDG_L3_1416,Unifacial_centripetal,chert,3,Unidirectional,1.3396084800647188,0.9375,0.9873496248076448
M,SDG_L3_1416,Unifacial_centripetal,chert,3,Bidirectional,1.011624636187624,1,0.9946388288947703
M,SDG_L3_1416,Unifacial_centripetal,chert,3,Levallois,1.6265035673839405,1,0.9776043114721715
M,SDG_L3_1416,Unifacial_centripetal,chert,3,Discoid,0.878689302885928,1,0.9965555411718722
M,SDG_L3_1416,Unifacial_centripetal,chert,3,Multiplatform,3.150249409510932,1,0.8707636873387382
M,SDG_L3_1437,Multifacial,chert,3,Unidirectional,2.9607718862707717,0.8125,0.8886072731840021
M,SDG_L3_1437,Multifacial,chert,3,Bidirectional,4.466722484943742,0.6666666666666666,0.7247206562171968
M,SDG_L3_1437,Multifacial,chert,3,Levallois,5.2743749127284545,0.47619047619047616,0.6265189507115061
M,SDG_L3_1437,Multifacial,chert,3,Discoid,4.662507131556703,0.4,0.7010705762894993
M,SDG_L3_1437,Multifacial,chert,3,Multiplatform,1.6486986662419953,1,0.9767110127229539
M,SDG_L3_1492,Unifacial_centripetal,chert,3,Unidirectional,3.3998006384907424,0.6875,0.8457217479409469
M,SDG_L3_1492,Unifacial_centripetal,chert,3,Bidirectional,2.0657821468560167,0.8333333333333334,0.9561098453283795
M,SDG_L3_1492,Unifacial_centripetal,chert,3,Levallois,0.6353969331600521,1,0.9987843842810191
M,SDG_L3_1492,Unifacial_centripetal,chert,3,Discoid,1.7636382072496442,1,0.9717579855788889
M,SDG_L3_1492,Unifacial_centripetal,chert,3,Multiplatform,3.8307569511189894,0.9,0.7990515838545535
M,SDG_L3_1547,Bifacial_adjacent,sandstone,3,Unidirectional,4.269470119044861,0.625,0.7482691378700284
M,SDG_L3_1547,Bifacial_adjacent,sandstone,3,Bidirectional,3.4332188988165404,0.6666666666666666,0.84224742328232
M,SDG_L3_1547,Bifacial_adjacent,sandstone,3,Levallois,2.6525374082079543,0.9523809523809523,0.9151797611492918
M,SDG_L3_1547,Bifacial_adjacent,sandstone,3,Discoid,4.513797790804314,0.4,0.7190551558874435
M,SDG_L3_1547,Bifacial_adjacent,sandstone,3,Multiplatform,4.0347409627533954,0.9,0.7757673436403608
M,SDG_L3_155,Multifacial,chert,3,Unidirectional,4.722510768914155,0.625,0.6937837828319655
M,SDG_L3_155,Multifacial,chert,3,Bidirectional,3.411715603446729,0.6666666666666666,0.844486100181608
M,SDG_L3_155,Multifacial,chert,3,Levallois,3.0593337933939906,0.9523809523809523,0.8794596295235695
M,SDG_L3_155,Multifacial,chert,3,Discoid,4.531197495151342,0.4,0.7169573852182196
M,SDG_L3_155,Multifacial,chert,3,Multiplatform,4.974093593008107,0.7,0.6631248515593768
M,SDG_L3_1677,Unifacial_unidirection,chert,3,Unidirectional,7.369324347539807,0.4375,0.3914644472362285
M,SDG_L3_1677,Unifacial_unidirection,chert,3,Bidirectional,8.115410401254575,0.16666666666666666,0.32252729508205846
M,SDG_L3_1677,Unifacial_unidirection,chert,3,Levallois,6.252952802318697,0.42857142857142855,0.5105434621302337
M,SDG_L3_1677,Unifacial_unidirection,chert,3,Discoid,6.0427003632873895,0.2,0.5347723981588342
M,SDG_L3_1677,Unifacial_unidirection,chert,3,Multiplatform,9.69827763780557,0.1,0.20632623167188852
M,SDG_L3_1748,Bifacial_adjacent,sandstone,3,Unidirectional,2.851631310527834,0.8125,0.8983798682365295
M,SDG_L3_1748,Bifacial_adjacent,sandstone,3,Bidirectional,3.276993067194948,0.6666666666666666,0.8582508767569268
M,SDG_L3_1748,Bifacial_adjacent,sandstone,3,Levallois,3.3535616019444765,0.8571428571428571,0.8504839681179807
M,SDG_L3_1748,Bifacial_adjacent,sandstone,3,Discoid,3.412800912130998,0.6,0.8443733767117001
M,SDG_L3_1748,Bifacial_adjacent,sandstone,3,Multiplatform,2.8455815240537206,1,0.898910230774868
M,SDG_L3_188,Unifacial_unidirection,chert,3,Unidirectional,9.757812732064371,0.4375,0.20271845437171537
M,SDG_L3_188,Unifacial_unidirection,chert,3,Bidirectional,12.360365523558182,0,0.08931364784561092
M,SDG_L3_188,Unifacial_unidirection,chert,3,Levallois,11.198844042813862,0,0.13017765108200574
M,SDG_L3_188,Unifacial_unidirection,chert,3,Discoid,10.824696105112693,0,0.14645058949045675
M,SDG_L3_188,Unifacial_unidirection,chert,3,Multiplatform,7.172955201662036,0.2,0.41109689133576827
M,SDG_L3_303,Bifacial_independent,chert,3,Unidirectional,5.046790213691661,0.625,0.654253088218227
M,SDG_L3_303,Bifacial_independent,chert,3,Bidirectional,2.3155987284194146,0.8333333333333334,0.9403313192082238
M,SDG_L3_303,Bifacial_independent,chert,3,Levallois,3.3401220130378046,0.8571428571428571,0.8518581200738592
M,SDG_L3_303,Bifacial_independent,chert,3,Discoid,3.840458238333059,0.6,0.7979592843488026
M,SDG_L3_303,Bifacial_independent,chert,3,Multiplatform,7.1405394878859,0.2,0.4143952294484074
M,SDG_L3_434,Bifacial_adjacent,chert,3,Unidirectional,11.329104985912414,0.3125,0.12489394230104159
M,SDG_L3_434,Bifacial_adjacent,chert,3,Bidirectional,6.610298044037588,0.16666666666666666,0.470550104173866
M,SDG_L3_434,Bifacial_adjacent,chert,3,Levallois,5.3211979122104935,0.47619047619047616,0.620828968015277
M,SDG_L3_434,Bifacial_adjacent,chert,3,Discoid,11.109483755046405,0,0.13391417784299672
M,SDG_L3_434,Bifacial_adjacent,chert,3,Multiplatform,9.760031881048844,0.1,0.2025849833861584
M,SDG_L3_55,Unifacial_unidirection,chert,3,Unidirectional,4.832039754448404,0.625,0.6804515548534855
M,SDG_L3_55,Unifacial_unidirection,chert,3,Bidirectional,9.108801247053867,0.16666666666666666,0.2449386993310333
M,SDG_L3_55,Unifacial_unidirection,chert,3,Levallois,7.55872453304431,0.3333333333333333,0.3731063325968765
M,SDG_L3_55,Unifacial_unidirection,chert,3,Discoid,4.373649544104264,0.6,0.7358736902593997
M,SDG_L3_55,Unifacial_unidirection,chert,3,Multiplatform,6.132735475351108,0.3,0.5243389672735875
M,SDG_L3_645,Unifacial_unidirection,chert,3,Unidirectional,2.4591080022221257,0.875,0.9301446671207225
M,SDG_L3_645,Unifacial_unidirection,chert,3,Bidirectional,5.546193963345812,0.6666666666666666,0.5936180096681675
M,SDG_L3_645,Unifacial_unidirection,chert,3,Levallois,5.9416799322754414,0.42857142857142855,0.5465754099061532
M,SDG_L3_645,Unifacial_unidirection,chert,3,Discoid,3.640004562768122,0.6,0.8201815721980099
M,SDG_L3_645,Unifacial_unidirection,chert,3,Multiplatform,2.494335108998965,1,0.9275230324908246
M,SDG_L3_804,Core_on_flake,chert,3,Unidirectional,1.8327552944665075,0.9375,0.968514399141688
M,SDG_L3_804,Core_on_flake,chert,3,Bidirectional,4.836550285826519,0.6666666666666666,0.6799018551202516
M,SDG_L3_804,Core_on_flake,chert,3,Levallois,4.026802599377063,0.6666666666666666,0.7766851460107309
M,SDG_L3_804,Core_on_flake,chert,3,Discoid,0.8325656148834368,1,0.9970972323909368
M,SDG_L3_804,Core_on_flake,chert,3,Multiplatform,4.669510613435296,0.7,0.7002208370708849
M,SDG_L3_890,Bifacial_adjacent,chert,3,Unidirectional,5.06126428865306,0.625,0.6524869075442278
M,SDG_L3_890,Bifacial_adjacent,chert,3,Bidirectional,3.2440557501399643,0.6666666666666666,0.8615447627800799
M,SDG_L3_890,Bifacial_adjacent,chert,3,Levallois,2.1897309154852684,1,0.9485970330124578
M,SDG_L3_890,Bifacial_adjacent,chert,3,Discoid,4.288315490005432,0.6,0.7460345295301849
M,SDG_L3_890,Bifacial_adjacent,chert,3,Multiplatform,5.506140589607559,0.4,0.5984433026618294
M,SDG_L3_978,Unifacial_centripetal,chert,3,Unidirectional,2.7807429189953035,0.8125,0.9045175651854052
M,SDG_L3_978,Unifacial_centripetal,chert,3,Bidirectional,3.017120859299845,0.6666666666666666,0.8834139053245976
M,SDG_L3_978,Unifacial_centripetal,chert,3,Levallois,3.18227676640748,0.8571428571428571,0.8676436554330829
M,SDG_L3_978,Unifacial_centripetal,chert,3,Discoid,2.810917245565947,0.8,0.9019256318408009
M,SDG_L3_978,Unifacial_centripetal,chert,3,Multiplatform,4.137148672633936,0.8,0.7638520426871915
M,SDG_L4_1788,Multifacial,sandstone,4,Unidirectional,4.85260520886819,0.625,0.6779449053759589
M,SDG_L4_1788,Multifacial,sandstone,4,Bidirectional,4.310337972251635,0.6666666666666666,0.7434187680720077
M,SDG_L4_1788,Multifacial,sandstone,4,Levallois,3.062596043310767,0.9047619047619048,0.879151806005599
M,SDG_L4_1788,Multifacial,sandstone,4,Discoid,3.1369979211963055,0.8,0.8720461068180093
M,SDG_L4_1788,Multifacial,sandstone,4,Multiplatform,7.3062258799665445,0.2,0.3977071042543252
M,SDG_L4_1884,Unifacial_centripetal,chert,4,Unidirectional,1.7783289106543987,0.9375,0.9710852666310983
M,SDG_L4_1884,Unifacial_centripetal,chert,4,Bidirectional,2.307887790845139,0.8333333333333334,0.9408558683536541
M,SDG_L4_1884,Unifacial_centripetal,chert,4,Levallois,2.0347722545754197,1,0.9578907355056067
M,SDG_L4_1884,Unifacial_centripetal,chert,4,Discoid,2.112670364286128,0.8,0.9533418011357024
M,SDG_L4_1884,Unifacial_centripetal,chert,4,Multiplatform,2.0631973501008534,1,0.956259806481268
M,SDG_L4_1916,Multifacial,sandstone,4,Unidirectional,11.075780464928265,0.3125,0.1353475016187864
M,SDG_L4_1916,Multifacial,sandstone,4,Bidirectional,14.451720286726381,0,0.04370618523740848
M,SDG_L4_1916,Multifacial,sandstone,4,Levallois,17.29152320526675,0,0.015610069743330898
M,SDG_L4_1916,Multifacial,sandstone,4,Discoid,13.785713623354415,0,0.05512657214907397
M,SDG_L4_1916,Multifacial,sandstone,4,Multiplatform,9.930215360152857,0.1,0.19256271748075596
M,SDG_L4_1951,Unifacial_centripetal,chert,4,Unidirectional,2.9958046640745217,0.8125,0.8853900630490595
M,SDG_L4_1951,Unifacial_centripetal,chert,4,Bidirectional,3.691105214438777,0.6666666666666666,0.8145888634112441
M,SDG_L4_1951,Unifacial_centripetal,chert,4,Levallois,2.9602607377570425,0.9523809523809523,0.8886539301619284
M,SDG_L4_1951,Unifacial_centripetal,chert,4,Discoid,1.2850498509466561,1,0.9888350428361528
M,SDG_L4_1951,Unifacial_centripetal,chert,4,Multiplatform,4.7846503997831435,0.7,0.6862240745812962
M,SDG_L4_2001,Core_on_flake,chert,4,Unidirectional,4.391778954725083,0.625,0.7337066582310572
M,SDG_L4_2001,Core_on_flake,chert,4,Bidirectional,3.9888974301864915,0.6666666666666666,0.7810553194852935
M,SDG_L4_2001,Core_on_flake,chert,4,Levallois,5.133231009553727,0.47619047619047616,0.6437082605742701
M,SDG_L4_2001,Core_on_flake,chert,4,Discoid,6.408108894832427,0.2,0.49298411799393543
M,SDG_L4_2001,Core_on_flake,chert,4,Multiplatform,3.5832060082802486,1,0.8263354325198815
M,SDG_L4_2004,Unifacial_centripetal,chert,4,Unidirectional,0.8927606625564265,1,0.9963780906502764
M,SDG_L4_2004,Unifacial_centripetal,chert,4,Bidirectional,2.806181766607915,0.6666666666666666,0.9023344395562454
M,SDG_L4_2004,Unifacial_centripetal,chert,4,Levallois,3.458910998038645,0.8571428571428571,0.8395582323371915
M,SDG_L4_2004,Unifacial_centripetal,chert,4,Discoid,2.0597030755133754,1,0.9564620942940625
M,SDG_L4_2004,Unifacial_centripetal,chert,4,Multiplatform,1.7040858710358437,1,0.9743928250589534
M,SDG_L4_2158,Bifacial_adjacent,sandstone,4,Unidirectional,8.979260423081985,0.4375,0.2541484972609757
M,SDG_L4_2158,Bifacial_adjacent,sandstone,4,Bidirectional,11.182187521936003,0,0.13086715861827042
M,SDG_L4_2158,Bifacial_adjacent,sandstone,4,Levallois,10.472548609595489,0,0.1633381278577907
M,SDG_L4_2158,Bifacial_adjacent,sandstone,4,Discoid,6.370586068691988,0.2,0.49720424169080246
M,SDG_L4_2158,Bifacial_adjacent,sandstone,4,Multiplatform,12.917826010638574,0,0.07413603692963293
M,SDG_L4_2164,Unifacial_centripetal,chert,4,Unidirectional,17.515740197814907,0.0625,0.014356800334464502
M,SDG_L4_2164,Unifacial_centripetal,chert,4,Bidirectional,18.315385318267108,0,0.01062525199311884
M,SDG_L4_2164,Unifacial_centripetal,chert,4,Levallois,19.047316471575382,0,0.008040402140086845
M,SDG_L4_2164,Unifacial_centripetal,chert,4,Discoid,17.050322812110135,0,0.01707455720000684
M,SDG_L4_2164,Unifacial_centripetal,chert,4,Multiplatform,16.227466221924047,0,0.023117531144115088
M,SDG_L4_2165,Core_on_flake,chert,4,Unidirectional,6.82559552515528,0.5,0.4472620723036867
M,SDG_L4_2165,Core_on_flake,chert,4,Bidirectional,11.776249041835651,0,0.10816131964261752
M,SDG_L4_2165,Core_on_flake,chert,4,Levallois,8.708155278994818,0.14285714285714285,0.2742939046355924
M,SDG_L4_2165,Core_on_flake,chert,4,Discoid,5.872296851106414,0.2,0.5547373935972627
M,SDG_L4_2165,Core_on_flake,chert,4,Multiplatform,7.521582477871741,0.2,0.37666110079995324
M,SDG_L4_2182,Core_on_flake,sandstone,4,Unidirectional,1.9215023786953211,0.9375,0.9640568898592157
M,SDG_L4_2182,Core_on_flake,sandstone,4,Bidirectional,4.43156387683557,0.6666666666666666,0.7289416968262127
M,SDG_L4_2182,Core_on_flake,sandstone,4,Levallois,4.796606292357646,0.5238095238095238,0.6847682468012144
M,SDG_L4_2182,Core_on_flake,sandstone,4,Discoid,2.9927929518903573,0.8,0.8856681408780449
M,SDG_L4_2182,Core_on_flake,sandstone,4,Multiplatform,2.171164722066197,1,0.949762304235892
M,SDG_L4_2213,Core_on_flake,chert,4,Unidirectional,2.328993355960525,0.875,0.9394145441285064
M,SDG_L4_2213,Core_on_flake,chert,4,Bidirectional,1.0246405876332636,1,0.9944211956487503
M,SDG_L4_2213,Core_on_flake,chert,4,Levallois,2.0095267534802894,1,0.9593112019249187
M,SDG_L4_2213,Core_on_flake,chert,4,Discoid,3.129552674710101,0.8,0.8727644169984665
M,SDG_L4_2213,Core_on_flake,chert,4,Multiplatform,3.2230498498286595,1,0.8636302215904278
M,SDG_L4_2292,Unifacial_centripetal,chert,4,Unidirectional,6.103508263499001,0.5625,0.5277166380494746
M,SDG_L4_2292,Unifacial_centripetal,chert,4,Bidirectional,9.10185374856329,0.16666666666666666,0.24542587935144988
M,SDG_L4_2292,Unifacial_centripetal,chert,4,Levallois,8.94436374804895,0.14285714285714285,0.2566752343861116
M,SDG_L4_2292,Unifacial_centripetal,chert,4,Discoid,6.941981100162524,0,0.4349457017361196
M,SDG_L4_2292,Unifacial_centripetal,chert,4,Multiplatform,5.1324470465915395,0.5,0.643803853692609
M,SDG_L4_2389,Multifacial,sandstone,4,Unidirectional,3.5401881570229667,0.6875,0.8309506486422754
M,SDG_L4_2389,Multifacial,sandstone,4,Bidirectional,6.655254406850078,0.16666666666666666,0.46563471672261586
M,SDG_L4_2389,Multifacial,sandstone,4,Levallois,8.760469232131129,0.14285714285714285,0.2703139606178081
M,SDG_L4_2389,Multifacial,sandstone,4,Discoid,5.276018782307744,0.2,0.6263190619414022
M,SDG_L4_2389,Multifacial,sandstone,4,Multiplatform,4.9782538481633845,0.7,0.6626171421852582
M,SDG_L4_2527,Unifacial_unidirection,chert,4,Unidirectional,4.256056390035734,0.625,0.7498574968602812
M,SDG_L4_2527,Unifacial_unidirection,chert,4,Bidirectional,5.944527317015337,0.5,0.5462413920743873
M,SDG_L4_2527,Unifacial_unidirection,chert,4,Levallois,7.35059966921843,0.3333333333333333,0.39331042527618315
M,SDG_L4_2527,Unifacial_unidirection,chert,4,Discoid,4.968833746779062,0.4,0.6637667448845883
M,SDG_L4_2527,Unifacial_unidirection,chert,4,Multiplatform,5.820147942351117,0.4,0.5608999081436425
M,SDG_L4_2733,Bifacial_independent,chert,4,Unidirectional,2.37089557482439,0.875,0.9365010671820704
M,SDG_L4_2733,Bifacial_independent,chert,4,Bidirectional,1.9591329616907316,0.8333333333333334,0.9620675630489464
M,SDG_L4_2733,Bifacial_independent,chert,4,Levallois,2.437453423602261,0.9523809523809523,0.931732785733032
M,SDG_L4_2733,Bifacial_independent,chert,4,Discoid,3.3078282358074538,0.6,0.8551412416597548
M,SDG_L4_2733,Bifacial_independent,chert,4,Multiplatform,1.1609883832631214,1,0.9917975686563754
M,SDG_L4_2818,Multifacial,sandstone,4,Unidirectional,5.045972055144881,0.625,0.6543529268583964
M,SDG_L4_2818,Multifacial,sandstone,4,Bidirectional,7.465100364502079,0.16666666666666666,0.38210937754833235
M,SDG_L4_2818,Multifacial,sandstone,4,Levallois,4.854576813996059,0.5238095238095238,0.6777045505837058
M,SDG_L4_2818,Multifacial,sandstone,4,Discoid,5.067278369959039,0.4,0.6517530903116188
M,SDG_L4_2818,Multifacial,sandstone,4,Multiplatform,4.008300036635921,0.9,0.7788209098225976
M,SDG_L4_3095,Bifacial_adjacent,chert,4,Unidirectional,11.604177763921365,0.25,0.11435030946091024
M,SDG_L4_3095,Bifacial_adjacent,chert,4,Bidirectional,9.4981264774609,0.16666666666666666,0.2188417967184424
M,SDG_L4_3095,Bifacial_adjacent,chert,4,Levallois,6.259931317986889,0.42857142857142855,0.5097476120704685
M,SDG_L4_3095,Bifacial_adjacent,chert,4,Discoid,9.035494517632756,0,0.2501177244212495
M,SDG_L4_3095,Bifacial_adjacent,chert,4,Multiplatform,12.388936211692462,0,0.0884723463303443
M,SDG_L4_3155,Unifacial_unidirection,chert,4,Unidirectional,5.52038743520707,0.5625,0.5967259118455003
M,SDG_L4_3155,Unifacial_unidirection,chert,4,Bidirectional,8.129007653804182,0.16666666666666666,0.3213558010194571
M,SDG_L4_3155,Unifacial_unidirection,chert,4,Levallois,6.103595338622571,0.42857142857142855,0.5277065617733631
M,SDG_L4_3155,Unifacial_unidirection,chert,4,Discoid,5.50166388221799,0.2,0.5989831824624509
M,SDG_L4_3155,Unifacial_unidirection,chert,4,Multiplatform,4.403711321680152,0.7,0.7322788758900733
M,SDG_L4_3192,Multifacial,chert,4,Unidirectional,2.9386435680153777,0.8125,0.8906195712516297
M,SDG_L4_3192,Multifacial,chert,4,Bidirectional,4.125178421225164,0.6666666666666666,0.7652517329212297
M,SDG_L4_3192,Multifacial,chert,4,Levallois,4.801229171332805,0.5238095238095238,0.6842052346008465
M,SDG_L4_3192,Multifacial,chert,4,Discoid,4.76398555990653,0.4,0.6887394243434422
M,SDG_L4_3192,Multifacial,chert,4,Multiplatform,1.333233132547583,1,0.9875290903195943
M,SDG_L4_3283,Multifacial,sandstone,4,Unidirectional,22.03955348350528,0.0625,0.002500831203968489
M,SDG_L4_3283,Multifacial,sandstone,4,Bidirectional,20.54116524999303,0,0.004512056104552954
M,SDG_L4_3283,Multifacial,sandstone,4,Levallois,22.380094053056077,0,0.0021839818651671625
M,SDG_L4_3283,Multifacial,sandstone,4,Discoid,21.61834246266753,0,0.0029550496836697076
M,SDG_L4_3283,Multifacial,sandstone,4,Multiplatform,20.715300162769424,0,0.004215182622295993
M,SDG_L4_3342,Multifacial,chert,4,Unidirectional,3.9833944487124024,0.625,0.7816880505753911
M,SDG_L4_3342,Multifacial,chert,4,Bidirectional,3.780218940957811,0.6666666666666666,0.8047153429631737
M,SDG_L4_3342,Multifacial,chert,4,Levallois,2.978636364915017,0.9523809523809523,0.8869714811487284
M,SDG_L4_3342,Multifacial,chert,4,Discoid,3.2178786474883148,0.6,0.8641417756528594
M,SDG_L4_3342,Multifacial,chert,4,Multiplatform,4.7401954266531705,0.7,0.69163358723519
M,SDG_L4_3506,Multifacial,chert,4,Unidirectional,6.358803859479439,0.5625,0.4985329004216811
M,SDG_L4_3506,Multifacial,chert,4,Bidirectional,2.7404729962270786,0.6666666666666666,0.9079283022609057
M,SDG_L4_3506,Multifacial,chert,4,Levallois,4.833907822306075,0.5238095238095238,0.6802238980552634
M,SDG_L4_3506,Multifacial,chert,4,Discoid,8.160164291949906,0,0.3186829943453138
M,SDG_L4_3506,Multifacial,chert,4,Multiplatform,5.9897723311917614,0.3,0.5409440939767034
M,SDG_L4_3513,Multifacial,sandstone,4,Unidirectional,4.005796319848529,0.625,0.7791095427979182
M,SDG_L4_3513,Multifacial,sandstone,4,Bidirectional,7.223120903108708,0.16666666666666666,0.40602434757456085
M,SDG_L4_3513,Multifacial,sandstone,4,Levallois,7.566602160461342,0.3333333333333333,0.3723552465973489
M,SDG_L4_3513,Multifacial,sandstone,4,Discoid,5.022788921321284,0.4,0.6571820590842841
M,SDG_L4_3513,Multifacial,sandstone,4,Multiplatform,3.2483490727107163,1,0.861117054789032
M,SDG_L4_3821,Multifacial,chert,4,Unidirectional,5.390813253160618,0.5625,0.6123844098155309
M,SDG_L4_3821,Multifacial,chert,4,Bidirectional,5.299058827547904,0.6666666666666666,0.6235183996846747
M,SDG_L4_3821,Multifacial,chert,4,Levallois,6.298591985549362,0.42857142857142855,0.5053488159963316
M,SDG_L4_3821,Multifacial,chert,4,Discoid,7.6529440447648724,0,0.3641889244586332
M,SDG_L4_3821,Multifacial,chert,4,Multiplatform,3.032104677755961,1,0.8820164794908298
M,SDG_L4_3952,Bifacial_adjacent,sandstone,4,Unidirectional,21.166189095923972,0.0625,0.003531813140132625
M,SDG_L4_3952,Bifacial_adjacent,sandstone,4,Bidirectional,20.099935374579772,0,0.005357821880871722
M,SDG_L4_3952,Bifacial_adjacent,sandstone,4,Levallois,15.986126735070728,0,0.025243411552788402
M,SDG_L4_3952,Bifacial_adjacent,sandstone,4,Discoid,20.198587985468038,0,0.005156337003400276
M,SDG_L4_3952,Bifacial_adjacent,sandstone,4,Multiplatform,20.365931225189357,0,0.004831212314291285
M,SDG_L4_3971,Bifacial_independent,chert,4,Unidirectional,9.291370777609846,0.4375,0.2324082357288039
M,SDG_L4_3971,Bifacial_independent,chert,4,Bidirectional,5.087884854964589,0.6666666666666666,0.6492389968235354
M,SDG_L4_3971,Bifacial_independent,chert,4,Levallois,4.7710356352156404,0.5238095238095238,0.6878814192622018
M,SDG_L4_3971,Bifacial_independent,chert,4,Discoid,9.543355336531922,0,0.21596101898447206
M,SDG_L4_3971,Bifacial_independent,chert,4,Multiplatform,8.08707363213301,0.2,0.324978534779404
M,SDG_L4_4262,Bifacial_adjacent,chert,4,Unidirectional,8.229423492515172,0.4375,0.312799104254479
M,SDG_L4_4262,Bifacial_adjacent,chert,4,Bidirectional,7.61903062540515,0.16666666666666666,0.3673820760115739
M,SDG_L4_4262,Bifacial_adjacent,chert,4,Levallois,9.312498755214586,0.047619047619047616,0.23099172232983797
M,SDG_L4_4262,Bifacial_adjacent,chert,4,Discoid,10.725190398874924,0,0.15106338372266495
M,SDG_L4_4262,Bifacial_adjacent,chert,4,Multiplatform,6.206163586614877,0.3,0.5158937130427947
M,SDG_L4_4386,Unifacial_centripetal,chert,4,Unidirectional,2.0895054308643144,0.9375,0.9547206418487569
M,SDG_L4_4386,Unifacial_centripetal,chert,4,Bidirectional,4.351326557847634,0.6666666666666666,0.7385381143048018
M,SDG_L4_4386,Unifacial_centripetal,chert,4,Levallois,5.935439496024883,0.42857142857142855,0.5473077194169947
M,SDG_L4_4386,Unifacial_centripetal,chert,4,Discoid,3.158819734446824,0.8,0.869931625461339
M,SDG_L4_4386,Unifacial_centripetal,chert,4,Multiplatform,3.731328408269359,1,0.8101507208039586
M,SDG_L4_4460,Unifacial_unidirection,chert,4,Unidirectional,5.917470979488813,0.5625,0.5494183137518607
M,SDG_L4_4460,Unifacial_unidirection,chert,4,Bidirectional,7.3377101621275145,0.16666666666666666,0.39458435845781376
M,SDG_L4_4460,Unifacial_unidirection,chert,4,Levallois,7.197298455757202,0.3333333333333333,0.40863055218350297
M,SDG_L4_4460,Unifacial_unidirection,chert,4,Discoid,5.568474218072383,0.2,0.5909379482031586
M,SDG_L4_4460,Unifacial_unidirection,chert,4,Multiplatform,7.559085433073297,0.2,0.3730719009672945
M,SDG_L4_4583,Unifacial_centripetal,chert,4,Unidirectional,3.9171064660930393,0.625,0.7892741383945161
M,SDG_L4_4583,Unifacial_centripetal,chert,4,Bidirectional,4.354908219074261,0.6666666666666666,0.7381109088402575
M,SDG_L4_4583,Unifacial_centripetal,chert,4,Levallois,2.6757152949326857,0.9523809523809523,0.9132949386996789
M,SDG_L4_4583,Unifacial_centripetal,chert,4,Discoid,4.1239445687583665,0.6,0.7653959077172576
M,SDG_L4_4583,Unifacial_centripetal,chert,4,Multiplatform,3.1110015006897123,1,0.8745472576028877
SP,SDG_L2_489,Bifacial_adjacent,chert,2,Unidirectional,0.3872255935696613,0.8125,0.9956741535081338
SP,SDG_L2_489,Bifacial_adjacent,chert,2,Bidirectional,5.875057991965746,0.3333333333333333,0.31856681925541425
SP,SDG_L2_489,Bifacial_adjacent,chert,2,Levallois,1.258519784555754,1,0.9391415209302525
SP,SDG_L2_489,Bifacial_adjacent,chert,2,Discoid,5.661756593848359,0.8,0.34053443586352605
SP,SDG_L2_489,Bifacial_adjacent,chert,2,Multiplatform,1.696429867533017,0.8,0.8893492280870459
SP,SDG_L2_494,Unifacial_unidirection,chert,2,Unidirectional,0.659491480361673,0.6875,0.9851176934879081
SP,SDG_L2_494,Unifacial_unidirection,chert,2,Bidirectional,7.241030518530421,0.16666666666666666,0.20332283062944195
SP,SDG_L2_494,Unifacial_unidirection,chert,2,Levallois,1.279062077182938,1,0.9370713566527336
SP,SDG_L2_494,Unifacial_unidirection,chert,2,Discoid,8.122613121136014,0.6,0.14960638416221256
SP,SDG_L2_494,Unifacial_unidirection,chert,2,Multiplatform,3.4629063666784723,0.6,0.6290076509595312
SP,SDG_L3_1066,Unifacial_centripetal,chert,3,Unidirectional,3.933505652123096,0.125,0.5590287618510499
SP,SDG_L3_1066,Unifacial_centripetal,chert,3,Bidirectional,18.10740164948898,0,0.00281476905924045
SP,SDG_L3_1066,Unifacial_centripetal,chert,3,Levallois,2.441726745264424,0.8571428571428571,0.7852444178311616
SP,SDG_L3_1066,Unifacial_centripetal,chert,3,Discoid,18.74380818729847,0,0.0021451347001820377
SP,SDG_L3_1066,Unifacial_centripetal,chert,3,Multiplatform,9.333085025801667,0.1,0.09649361357442013
SP,SDG_L3_1163,Multifacial,sandstone,3,Unidirectional,2.2668311415532174,0.3125,0.811125950954855
SP,SDG_L3_1163,Multifacial,sandstone,3,Bidirectional,7.7269312466377515,0.16666666666666666,0.17194099939070226
SP,SDG_L3_1163,Multifacial,sandstone,3,Levallois,1.6181100702842346,1,0.8990506691696112
SP,SDG_L3_1163,Multifacial,sandstone,3,Discoid,6.250615231457006,0.8,0.28259113461818636
SP,SDG_L3_1163,Multifacial,sandstone,3,Multiplatform,3.3135449458006994,0.6,0.6517686046656758
SP,SDG_L3_1191,Unifacial_centripetal,chert,3,Unidirectional,1.8916527289865601,0.3125,0.8639246644837649
SP,SDG_L3_1191,Unifacial_centripetal,chert,3,Bidirectional,14.422618358113626,0,0.013136437061698553
SP,SDG_L3_1191,Unifacial_centripetal,chert,3,Levallois,1.9350820246468,0.9523809523809523,0.8580528075502201
SP,SDG_L3_1191,Unifacial_centripetal,chert,3,Discoid,15.610870916948304,0,0.008047497687912778
SP,SDG_L3_1191,Unifacial_centripetal,chert,3,Multiplatform,7.110945061074967,0.2,0.21251908870917513
SP,SDG_L3_1416,Unifacial_centripetal,chert,3,Unidirectional,15.886238553368774,0,0.007176485927925808
SP,SDG_L3_1416,Unifacial_centripetal,chert,3,Bidirectional,31.09761436321487,0,8.960578820738256e-6
SP,SDG_L3_1416,Unifacial_centripetal,chert,3,Levallois,10.50377810376866,0.047619047619047616,0.06215628689767255
SP,SDG_L3_1416,Unifacial_centripetal,chert,3,Discoid,28.873397008024376,0,2.455197961413695e-5
SP,SDG_L3_1416,Unifacial_centripetal,chert,3,Multiplatform,16.20798795858075,0,0.006274677699050021
SP,SDG_L3_1437,Multifacial,chert,3,Unidirectional,11.864257626534993,0,0.03669585574377793
SP,SDG_L3_1437,Multifacial,chert,3,Bidirectional,13.191738365659711,0,0.0216467178726235
SP,SDG_L3_1437,Multifacial,chert,3,Levallois,8.089812720636523,0.09523809523809523,0.1513548400686245
SP,SDG_L3_1437,Multifacial,chert,3,Discoid,6.124395837103586,0.8,0.29430219926826356
SP,SDG_L3_1437,Multifacial,chert,3,Multiplatform,2.7796345847720683,0.7,0.7339143167243318
SP,SDG_L3_1492,Unifacial_centripetal,chert,3,Unidirectional,4.800511785400639,0.125,0.4407080432351521
SP,SDG_L3_1492,Unifacial_centripetal,chert,3,Bidirectional,16.272472312713216,0,0.006107713890279847
SP,SDG_L3_1492,Unifacial_centripetal,chert,3,Levallois,4.494533938204452,0.5238095238095238,0.48061511142270796
SP,SDG_L3_1492,Unifacial_centripetal,chert,3,Discoid,18.28945267504046,0,0.002604683438487063
SP,SDG_L3_1492,Unifacial_centripetal,chert,3,Multiplatform,8.065618540005627,0.2,0.1526561469025962
SP,SDG_L3_1547,Bifacial_adjacent,sandstone,3,Unidirectional,2.7726808412849477,0.25,0.7349817445569041
SP,SDG_L3_1547,Bifacial_adjacent,sandstone,3,Bidirectional,5.249069020933766,0.5,0.3862458160243565
SP,SDG_L3_1547,Bifacial_adjacent,sandstone,3,Levallois,4.136162157605904,0.6190476190476191,0.529983283726965
SP,SDG_L3_1547,Bifacial_adjacent,sandstone,3,Discoid,7.834564296530485,0.6,0.16559188512593032
SP,SDG_L3_1547,Bifacial_adjacent,sandstone,3,Multiplatform,5.190609923185044,0.4,0.39306374216191686
SP,SDG_L3_155,Multifacial,chert,3,Unidirectional,9.805976312334185,0,0.08092323482809899
SP,SDG_L3_155,Multifacial,chert,3,Bidirectional,8.514873612517706,0.16666666666666666,0.1300503004099255
SP,SDG_L3_155,Multifacial,chert,3,Levallois,11.181901971275925,0,0.04789032967282031
SP,SDG_L3_155,Multifacial,chert,3,Discoid,13.222823525366582,0.2,0.0213777874828173
SP,SDG_L3_155,Multifacial,chert,3,Multiplatform,8.107724099430087,0.2,0.15039781893768334
SP,SDG_L3_1677,Unifacial_unidirection,chert,3,Unidirectional,3.6342250934107927,0.125,0.6031819826953196
SP,SDG_L3_1677,Unifacial_unidirection,chert,3,Bidirectional,18.78388734361425,0,0.0021086443974530494
SP,SDG_L3_1677,Unifacial_unidirection,chert,3,Levallois,4.857367458303931,0.47619047619047616,0.43353426912767795
SP,SDG_L3_1677,Unifacial_unidirection,chert,3,Discoid,19.224084980616244,0,0.0017458610519556124
SP,SDG_L3_1677,Unifacial_unidirection,chert,3,Multiplatform,10.165016675683345,0.1,0.07069233571341987
SP,SDG_L3_1748,Bifacial_adjacent,sandstone,3,Unidirectional,3.406000917626099,0.125,0.6376561313277607
SP,SDG_L3_1748,Bifacial_adjacent,sandstone,3,Bidirectional,14.734653193897199,0,0.011558382375145487
SP,SDG_L3_1748,Bifacial_adjacent,sandstone,3,Levallois,4.38158231188108,0.5238095238095238,0.4958818819495358
SP,SDG_L3_1748,Bifacial_adjacent,sandstone,3,Discoid,13.824798633775222,0.2,0.016761466153142668
SP,SDG_L3_1748,Bifacial_adjacent,sandstone,3,Multiplatform,7.78444581474589,0.2,0.1685221892695177
SP,SDG_L3_188,Unifacial_unidirection,chert,3,Unidirectional,12.119571269468498,0,0.033185606469292604
SP,SDG_L3_188,Unifacial_unidirection,chert,3,Bidirectional,29.887629789090916,0,1.551900499853614e-5
SP,SDG_L3_188,Unifacial_unidirection,chert,3,Levallois,16.6005402427939,0,0.005323130019106868
SP,SDG_L3_188,Unifacial_unidirection,chert,3,Discoid,35.851873599373,0,1.0168608237798514e-6
SP,SDG_L3_188,Unifacial_unidirection,chert,3,Multiplatform,21.57453193593734,0,6.306303017687369e-4
SP,SDG_L3_303,Bifacial_independent,chert,3,Unidirectional,12.853153276098443,0,0.02479443778598515
SP,SDG_L3_303,Bifacial_independent,chert,3,Bidirectional,3.240546315307798,0.6666666666666666,0.6629555764458389
SP,SDG_L3_303,Bifacial_independent,chert,3,Levallois,16.561816202534366,0,0.005410354793608932
SP,SDG_L3_303,Bifacial_independent,chert,3,Discoid,9.892253385089278,0.6,0.07834640284783691
SP,SDG_L3_303,Bifacial_independent,chert,3,Multiplatform,12.883341276563186,0.1,0.024496860253099793
SP,SDG_L3_434,Bifacial_adjacent,chert,3,Unidirectional,10.472353795315309,0,0.06290556856028824
SP,SDG_L3_434,Bifacial_adjacent,chert,3,Bidirectional,16.767691738776755,0,0.004962114040821537
SP,SDG_L3_434,Bifacial_adjacent,chert,3,Levallois,5.4740474513461574,0.3333333333333333,0.3608000653146105
SP,SDG_L3_434,Bifacial_adjacent,chert,3,Discoid,14.441980209031444,0.2,0.013032730552106481
SP,SDG_L3_434,Bifacial_adjacent,chert,3,Multiplatform,9.089080740423288,0.2,0.1055633459018353
SP,SDG_L3_55,Unifacial_unidirection,chert,3,Unidirectional,1.0594894164966784,0.6875,0.9576262540853717
SP,SDG_L3_55,Unifacial_unidirection,chert,3,Bidirectional,5.156021838131823,0.5,0.397137519582458
SP,SDG_L3_55,Unifacial_unidirection,chert,3,Levallois,3.061328162744379,0.7619047619047619,0.6905312173391561
SP,SDG_L3_55,Unifacial_unidirection,chert,3,Discoid,7.303320158150473,0.6,0.19904156279961827
SP,SDG_L3_55,Unifacial_unidirection,chert,3,Multiplatform,5.923096035400827,0.3,0.3137740927788267
SP,SDG_L3_645,Unifacial_unidirection,chert,3,Unidirectional,6.552886356855012,0.0625,0.2560715177258444
SP,SDG_L3_645,Unifacial_unidirection,chert,3,Bidirectional,13.777688318596992,0,0.01708497490801963
SP,SDG_L3_645,Unifacial_unidirection,chert,3,Levallois,3.0675663049366992,0.7619047619047619,0.689569746917595
SP,SDG_L3_645,Unifacial_unidirection,chert,3,Discoid,12.406087205044532,0.4,0.029627809806494185
SP,SDG_L3_645,Unifacial_unidirection,chert,3,Multiplatform,6.715212976288556,0.3,0.24269630904947428
SP,SDG_L3_804,Core_on_flake,chert,3,Unidirectional,4.517796181945165,0.125,0.4775059068566735
SP,SDG_L3_804,Core_on_flake,chert,3,Bidirectional,3.9161505753696773,0.5,0.5615503854557939
SP,SDG_L3_804,Core_on_flake,chert,3,Levallois,9.877053278825693,0.047619047619047616,0.07879478967285297
SP,SDG_L3_804,Core_on_flake,chert,3,Discoid,10.547378468249947,0.6,0.06113051327831975
SP,SDG_L3_804,Core_on_flake,chert,3,Multiplatform,10.107701411764953,0.1,0.07224046128572828
SP,SDG_L3_890,Bifacial_adjacent,chert,3,Unidirectional,6.3564400052554975,0.0625,0.27306395653461735
SP,SDG_L3_890,Bifacial_adjacent,chert,3,Bidirectional,16.118858215491787,0,0.0065127954432957985
SP,SDG_L3_890,Bifacial_adjacent,chert,3,Levallois,3.1363105316608006,0.7619047619047619,0.6789800355765461
SP,SDG_L3_890,Bifacial_adjacent,chert,3,Discoid,15.393299427449195,0.2,0.008807604940402725
SP,SDG_L3_890,Bifacial_adjacent,chert,3,Multiplatform,8.055167013733826,0.2,0.15322135832775285
SP,SDG_L3_978,Unifacial_centripetal,chert,3,Unidirectional,20.68885477908732,0,9.273444563162055e-4
SP,SDG_L3_978,Unifacial_centripetal,chert,3,Bidirectional,22.511028479145146,0,4.185143323517745e-4
SP,SDG_L3_978,Unifacial_centripetal,chert,3,Levallois,12.798580427537756,0,0.025341203585555416
SP,SDG_L3_978,Unifacial_centripetal,chert,3,Discoid,20.382792527167044,0,0.0010589797196764023
SP,SDG_L3_978,Unifacial_centripetal,chert,3,Multiplatform,16.24628161526807,0,0.006174998365686721
SP,SDG_L4_1788,Multifacial,sandstone,4,Unidirectional,2.3350444837081175,0.3125,0.8011063309620652
SP,SDG_L4_1788,Multifacial,sandstone,4,Bidirectional,11.94421064831126,0,0.03556027180804558
SP,SDG_L4_1788,Multifacial,sandstone,4,Levallois,4.909790187756003,0.47619047619047616,0.4269885284278314
SP,SDG_L4_1788,Multifacial,sandstone,4,Discoid,13.64524698653498,0.2,0.018027031059117765
SP,SDG_L4_1788,Multifacial,sandstone,4,Multiplatform,8.004042952677809,0.2,0.1560129532373916
SP,SDG_L4_1884,Unifacial_centripetal,chert,4,Unidirectional,9.630169918440759,0,0.0864186295103154
SP,SDG_L4_1884,Unifacial_centripetal,chert,4,Bidirectional,21.388845158513263,0,6.838529447354852e-4
SP,SDG_L4_1884,Unifacial_centripetal,chert,4,Levallois,3.8883008947678785,0.6666666666666666,0.5656075149170221
SP,SDG_L4_1884,Unifacial_centripetal,chert,4,Discoid,18.10974970369345,0,0.002811956535874613
SP,SDG_L4_1884,Unifacial_centripetal,chert,4,Multiplatform,9.313739366818865,0.1,0.09718573468199151
SP,SDG_L4_1916,Multifacial,sandstone,4,Unidirectional,9.41566434155112,0,0.09358981751030877
SP,SDG_L4_1916,Multifacial,sandstone,4,Bidirectional,6.710460923888923,0.16666666666666666,0.24307944700270662
SP,SDG_L4_1916,Multifacial,sandstone,4,Levallois,9.582130607497245,0.047619047619047616,0.08797913347723198
SP,SDG_L4_1916,Multifacial,sandstone,4,Discoid,10.053860303047916,0.6,0.07372344373871893
SP,SDG_L4_1916,Multifacial,sandstone,4,Multiplatform,10.556844798628562,0.1,0.06090990703834636
SP,SDG_L4_1951,Unifacial_centripetal,chert,4,Unidirectional,2.4528163643105736,0.3125,0.7835836463174473
SP,SDG_L4_1951,Unifacial_centripetal,chert,4,Bidirectional,16.22419723173547,0,0.006232294603652869
SP,SDG_L4_1951,Unifacial_centripetal,chert,4,Levallois,2.5074919833017226,0.8095238095238095,0.7753663432621206
SP,SDG_L4_1951,Unifacial_centripetal,chert,4,Discoid,17.466651141343227,0,0.0036947568272187406
SP,SDG_L4_1951,Unifacial_centripetal,chert,4,Multiplatform,8.307245248347224,0.2,0.14009593467161843
SP,SDG_L4_2001,Core_on_flake,chert,4,Unidirectional,2.861804563610651,0.1875,0.7212812883915443
SP,SDG_L4_2001,Core_on_flake,chert,4,Bidirectional,12.459870165762169,0,0.029001893440482703
SP,SDG_L4_2001,Core_on_flake,chert,4,Levallois,1.557745992036555,1,0.9063112811396661
SP,SDG_L4_2001,Core_on_flake,chert,4,Discoid,12.679381641037688,0.4,0.02657590881594741
SP,SDG_L4_2001,Core_on_flake,chert,4,Multiplatform,5.1236988544551325,0.5,0.40097124041894044
SP,SDG_L4_2004,Unifacial_centripetal,chert,4,Unidirectional,10.861274615763483,0,0.0542009419802707
SP,SDG_L4_2004,Unifacial_centripetal,chert,4,Bidirectional,4.544990351154986,0.5,0.4738865442255792
SP,SDG_L4_2004,Unifacial_centripetal,chert,4,Levallois,13.51698824006364,0,0.018986916931272736
SP,SDG_L4_2004,Unifacial_centripetal,chert,4,Discoid,11.300740717266192,0.6,0.04573267317422646
SP,SDG_L4_2004,Unifacial_centripetal,chert,4,Multiplatform,15.556728693361396,0,0.008230461048181613
SP,SDG_L4_2158,Bifacial_adjacent,sandstone,4,Unidirectional,10.639602515793374,0,0.059012824713203633
SP,SDG_L4_2158,Bifacial_adjacent,sandstone,4,Bidirectional,27.069284728028634,0,5.529733282021107e-5
SP,SDG_L4_2158,Bifacial_adjacent,sandstone,4,Levallois,7.577959902083585,0.09523809523809523,0.1810802650181965
SP,SDG_L4_2158,Bifacial_adjacent,sandstone,4,Discoid,27.91584341036188,0,3.7803759356884376e-5
SP,SDG_L4_2158,Bifacial_adjacent,sandstone,4,Multiplatform,15.221265095037731,0,0.009457585072837003
SP,SDG_L4_2164,Unifacial_centripetal,chert,4,Unidirectional,18.884172763407143,0,0.0020199869502705715
SP,SDG_L4_2164,Unifacial_centripetal,chert,4,Bidirectional,19.245186978422623,0,0.0017301033961198906
SP,SDG_L4_2164,Unifacial_centripetal,chert,4,Levallois,27.36538896418156,0,4.841646783703369e-5
SP,SDG_L4_2164,Unifacial_centripetal,chert,4,Discoid,26.988928401146875,0,5.732633892847122e-5
SP,SDG_L4_2164,Unifacial_centripetal,chert,4,Multiplatform,32.21465003341723,0,5.387171785736138e-6
SP,SDG_L4_2165,Core_on_flake,chert,4,Unidirectional,40.79250625987433,0,1.0333338628893046e-7
SP,SDG_L4_2165,Core_on_flake,chert,4,Bidirectional,28.241306052874837,0,3.265092636598123e-5
SP,SDG_L4_2165,Core_on_flake,chert,4,Levallois,48.57378177692233,0,2.712037741122532e-9
SP,SDG_L4_2165,Core_on_flake,chert,4,Discoid,32.72181590665422,0,4.27366960386617e-6
SP,SDG_L4_2165,Core_on_flake,chert,4,Multiplatform,45.8937375813698,0,9.545938220273618e-9
SP,SDG_L4_2182,Core_on_flake,sandstone,4,Unidirectional,8.445005928094208,0,0.13335602118694997
SP,SDG_L4_2182,Core_on_flake,sandstone,4,Bidirectional,25.653710275998534,0,1.0414758121118692e-4
SP,SDG_L4_2182,Core_on_flake,sandstone,4,Levallois,13.744709255611438,0,0.017315017382290628
SP,SDG_L4_2182,Core_on_flake,sandstone,4,Discoid,31.077745800836652,0,9.041905907506252e-6
SP,SDG_L4_2182,Core_on_flake,sandstone,4,Multiplatform,19.935969863777526,0,0.001284781116139754
SP,SDG_L4_2213,Core_on_flake,chert,4,Unidirectional,2.4941917038918238,0.3125,0.7773695569284874
SP,SDG_L4_2213,Core_on_flake,chert,4,Bidirectional,6.428108511097558,0.16666666666666666,0.2667610818192993
SP,SDG_L4_2213,Core_on_flake,chert,4,Levallois,6.503312307848663,0.19047619047619047,0.2602755520897353
SP,SDG_L4_2213,Core_on_flake,chert,4,Discoid,9.244180688197327,0.6,0.0997121050493832
SP,SDG_L4_2213,Core_on_flake,chert,4,Multiplatform,8.219040208636534,0.2,0.14456990019712113
SP,SDG_L4_2292,Unifacial_centripetal,chert,4,Unidirectional,7.302519943519339,0,0.19909606715139425
SP,SDG_L4_2292,Unifacial_centripetal,chert,4,Bidirectional,4.535875195580727,0.5,0.47509785688387024
SP,SDG_L4_2292,Unifacial_centripetal,chert,4,Levallois,12.001559571377557,0,0.03476641702355967
SP,SDG_L4_2292,Unifacial_centripetal,chert,4,Discoid,8.907279292743937,0.6,0.11282011920295817
SP,SDG_L4_2292,Unifacial_centripetal,chert,4,Multiplatform,12.758426290804218,0.1,0.025750866213985715
SP,SDG_L4_2389,Multifacial,sandstone,4,Unidirectional,3.2147067979890336,0.125,0.6669231611003693
SP,SDG_L4_2389,Multifacial,sandstone,4,Bidirectional,13.268349733387335,0,0.02098970880350111
SP,SDG_L4_2389,Multifacial,sandstone,4,Levallois,6.721734402946244,0.19047619047619047,0.242171333151732
SP,SDG_L4_2389,Multifacial,sandstone,4,Discoid,14.978767223179295,0.2,0.010453448582146996
SP,SDG_L4_2389,Multifacial,sandstone,4,Multiplatform,11.4501909896217,0.1,0.04314959010930433
SP,SDG_L4_2527,Unifacial_unidirection,chert,4,Unidirectional,1.0416327461699404,0.6875,0.9591383938657052
SP,SDG_L4_2527,Unifacial_unidirection,chert,4,Bidirectional,12.336362889163029,0,0.030458475940984556
SP,SDG_L4_2527,Unifacial_unidirection,chert,4,Levallois,3.330653057310755,0.6666666666666666,0.6491520826115867
SP,SDG_L4_2527,Unifacial_unidirection,chert,4,Discoid,14.446370542667994,0.2,0.013009325334303419
SP,SDG_L4_2527,Unifacial_unidirection,chert,4,Multiplatform,7.207435694227358,0.2,0.20566451136676364
SP,SDG_L4_2733,Bifacial_independent,chert,4,Unidirectional,10.885322564735398,0,0.05370170899271731
SP,SDG_L4_2733,Bifacial_independent,chert,4,Bidirectional,12.083703218254536,0,0.033658680058822686
SP,SDG_L4_2733,Bifacial_independent,chert,4,Levallois,9.782465418606652,0.047619047619047616,0.08163892622764785
SP,SDG_L4_2733,Bifacial_independent,chert,4,Discoid,15.597912862314317,0,0.008090923577332897
SP,SDG_L4_2733,Bifacial_independent,chert,4,Multiplatform,10.69778697119426,0.1,0.057712379093607394
SP,SDG_L4_2818,Multifacial,sandstone,4,Unidirectional,5.727569586092186,0.125,0.3336364407146258
SP,SDG_L4_2818,Multifacial,sandstone,4,Bidirectional,17.702404305904444,0,0.0033434563060339394
SP,SDG_L4_2818,Multifacial,sandstone,4,Levallois,5.893891678560996,0.23809523809523808,0.3166810508820486
SP,SDG_L4_2818,Multifacial,sandstone,4,Discoid,19.824411642332645,0,0.0013481728130598602
SP,SDG_L4_2818,Multifacial,sandstone,4,Multiplatform,9.008456782019037,0.2,0.10872732042379796
SP,SDG_L4_3095,Bifacial_adjacent,chert,4,Unidirectional,5.351183598713041,0.125,0.37454012950351045
SP,SDG_L4_3095,Bifacial_adjacent,chert,4,Bidirectional,18.57652288170401,0,0.0023042468560721843
SP,SDG_L4_3095,Bifacial_adjacent,chert,4,Levallois,3.836581921293864,0.6666666666666666,0.5731759973180102
SP,SDG_L4_3095,Bifacial_adjacent,chert,4,Discoid,17.998601963706147,0,0.002948157225682962
SP,SDG_L4_3095,Bifacial_adjacent,chert,4,Multiplatform,9.800538687032109,0.1,0.0810882422359796
SP,SDG_L4_3155,Unifacial_unidirection,chert,4,Unidirectional,6.4941984511112345,0.0625,0.26105457377806257
SP,SDG_L4_3155,Unifacial_unidirection,chert,4,Bidirectional,22.077284765181197,0,5.061782658764679e-4
SP,SDG_L4_3155,Unifacial_unidirection,chert,4,Levallois,11.248525940453762,0,0.046669127108023734
SP,SDG_L4_3155,Unifacial_unidirection,chert,4,Discoid,26.19057140694706,0,8.19531968307808e-5
SP,SDG_L4_3155,Unifacial_unidirection,chert,4,Multiplatform,17.394765537412617,0,0.0038088838868792505
SP,SDG_L4_3192,Multifacial,chert,4,Unidirectional,2.013955954780136,0.3125,0.8472106130815006
SP,SDG_L4_3192,Multifacial,chert,4,Bidirectional,9.836720651191207,0,0.07999611958351402
SP,SDG_L4_3192,Multifacial,chert,4,Levallois,1.247908308179115,1,0.9401994817261543
SP,SDG_L4_3192,Multifacial,chert,4,Discoid,7.913415356612766,0.6,0.16107247753808887
SP,SDG_L4_3192,Multifacial,chert,4,Multiplatform,3.923323896055808,0.6,0.5605075055839542
SP,SDG_L4_3283,Multifacial,sandstone,4,Unidirectional,1.6119368862648398,0.3125,0.8998020638784563
SP,SDG_L4_3283,Multifacial,sandstone,4,Bidirectional,12.933975595932775,0,0.02400540689795269
SP,SDG_L4_3283,Multifacial,sandstone,4,Levallois,2.188389355372005,0.9047619047619048,0.8225112742023293
SP,SDG_L4_3283,Multifacial,sandstone,4,Discoid,12.427279620541297,0.4,0.02937965069358774
SP,SDG_L4_3283,Multifacial,sandstone,4,Multiplatform,5.347206215286365,0.4,0.374991212013079
SP,SDG_L4_3342,Multifacial,chert,4,Unidirectional,10.41367909733412,0,0.06432728656354254
SP,SDG_L4_3342,Multifacial,chert,4,Bidirectional,20.453756891053185,0,0.0010269095009226453
SP,SDG_L4_3342,Multifacial,chert,4,Levallois,4.744338366756807,0.5238095238095238,0.4478712521129507
SP,SDG_L4_3342,Multifacial,chert,4,Discoid,14.65638399490774,0.2,0.0119360263338327
SP,SDG_L4_3342,Multifacial,chert,4,Multiplatform,10.831853423954964,0.1,0.054817661574987804
SP,SDG_L4_3506,Multifacial,chert,4,Unidirectional,18.920610399076562,0,0.001988688984959557
SP,SDG_L4_3506,Multifacial,chert,4,Bidirectional,27.42634499183184,0,4.710906534384441e-5
SP,SDG_L4_3506,Multifacial,chert,4,Levallois,14.22733200932707,0,0.01422806704522862
SP,SDG_L4_3506,Multifacial,chert,4,Discoid,15.660222158714783,0,0.007884174582323588
SP,SDG_L4_3506,Multifacial,chert,4,Multiplatform,9.340140152558744,0.1,0.09624233349262579
SP,SDG_L4_3513,Multifacial,sandstone,4,Unidirectional,3.8950768623897027,0.125,0.5646191945867969
SP,SDG_L4_3513,Multifacial,sandstone,4,Bidirectional,19.579464026161762,0,0.0014983468483938279
SP,SDG_L4_3513,Multifacial,sandstone,4,Levallois,6.339440485218411,0.19047619047619047,0.27457660208710327
SP,SDG_L4_3513,Multifacial,sandstone,4,Discoid,22.31072278304,0,4.5695974509425176e-4
SP,SDG_L4_3513,Multifacial,sandstone,4,Multiplatform,12.566508954888114,0.1,0.02779802445633382
SP,SDG_L4_3821,Multifacial,chert,4,Unidirectional,23.669626576044827,0,2.5125735329183693e-4
SP,SDG_L4_3821,Multifacial,chert,4,Bidirectional,16.679907254232262,0,0.00514862519591095
SP,SDG_L4_3821,Multifacial,chert,4,Levallois,23.886633001088242,0,2.2827825069683707e-4
SP,SDG_L4_3821,Multifacial,chert,4,Discoid,13.727152637403368,0.2,0.017438696997353415
SP,SDG_L4_3821,Multifacial,chert,4,Multiplatform,21.549175977220724,0,6.376497507003705e-4
SP,SDG_L4_3952,Bifacial_adjacent,sandstone,4,Unidirectional,7.600263832194297,0,0.17968549525529742
SP,SDG_L4_3952,Bifacial_adjacent,sandstone,4,Bidirectional,6.174976969287882,0.16666666666666666,0.2895633752951895
SP,SDG_L4_3952,Bifacial_adjacent,sandstone,4,Levallois,7.356008665285949,0.14285714285714285,0.195481010113634
SP,SDG_L4_3952,Bifacial_adjacent,sandstone,4,Discoid,4.681334369140436,1,0.45599391755151675
SP,SDG_L4_3952,Bifacial_adjacent,sandstone,4,Multiplatform,3.877692468348243,0.6,0.5671563604813884
SP,SDG_L4_3971,Bifacial_independent,chert,4,Unidirectional,2.5170947387222524,0.3125,0.7739183976401074
SP,SDG_L4_3971,Bifacial_independent,chert,4,Bidirectional,14.800653370030235,0,0.011248955563856104
SP,SDG_L4_3971,Bifacial_independent,chert,4,Levallois,1.8831221311710717,0.9523809523809523,0.8650694350449235
SP,SDG_L4_3971,Bifacial_independent,chert,4,Discoid,15.740915435501885,0,0.007624049276019072
SP,SDG_L4_3971,Bifacial_independent,chert,4,Multiplatform,7.520601949886612,0.2,0.18471053682155575
SP,SDG_L4_4262,Bifacial_adjacent,chert,4,Unidirectional,7.779664516120788,0,0.1688041082775984
SP,SDG_L4_4262,Bifacial_adjacent,chert,4,Bidirectional,7.702627063625991,0.16666666666666666,0.1734038932133454
SP,SDG_L4_4262,Bifacial_adjacent,chert,4,Levallois,5.523114641888024,0.2857142857142857,0.3554179334570937
SP,SDG_L4_4262,Bifacial_adjacent,chert,4,Discoid,2.2255284449713577,1,0.8171400965647857
SP,SDG_L4_4262,Bifacial_adjacent,chert,4,Multiplatform,2.806719190893136,0.7,0.7297540056356657
SP,SDG_L4_4386,Unifacial_centripetal,chert,4,Unidirectional,11.366515503017695,0,0.04457830250414433
SP,SDG_L4_4386,Unifacial_centripetal,chert,4,Bidirectional,22.38529046509287,0,4.4225666868768755e-4
SP,SDG_L4_4386,Unifacial_centripetal,chert,4,Levallois,6.200821198997554,0.19047619047619047,0.2871657442561761
SP,SDG_L4_4386,Unifacial_centripetal,chert,4,Discoid,20.418719293677576,0,0.0010426223813418904
SP,SDG_L4_4386,Unifacial_centripetal,chert,4,Multiplatform,11.308613022256267,0.1,0.04559303675674442
SP,SDG_L4_4460,Unifacial_unidirection,chert,4,Unidirectional,3.7260429640281587,0.125,0.5894931966307737
SP,SDG_L4_4460,Unifacial_unidirection,chert,4,Bidirectional,17.843467491503652,0,0.003149118296993861
SP,SDG_L4_4460,Unifacial_unidirection,chert,4,Levallois,7.352164245942675,0.14285714285714285,0.1957389349086672
SP,SDG_L4_4460,Unifacial_unidirection,chert,4,Discoid,21.775361038145988,0,5.776602022644314e-4
SP,SDG_L4_4460,Unifacial_unidirection,chert,4,Multiplatform,12.428119664794005,0.1,0.029369854972485076
SP,SDG_L4_4583,Unifacial_centripetal,chert,4,Unidirectional,4.916567754024079,0.125,0.4261470883720709
SP,SDG_L4_4583,Unifacial_centripetal,chert,4,Bidirectional,15.085316769069182,0,0.010003945700820426
SP,SDG_L4_4583,Unifacial_centripetal,chert,4,Levallois,3.612040954730992,0.6666666666666666,0.6065063079610512
SP,SDG_L4_4583,Unifacial_centripetal,chert,4,Discoid,14.88254551135,0.2,0.010876170747964039
SP,SDG_L4_4583,Unifacial_centripetal,chert,4,Multiplatform,5.531753156489895,0.4,0.3544765941301707
MFA,SDG_L2_489,Bifacial_adjacent,chert,2,Unidirectional,8.743291856000438,0.5625,0.724686235180938
MFA,SDG_L2_489,Bifacial_adjacent,chert,2,Bidirectional,8.69031733969264,0.5,0.7291290600918394
MFA,SDG_L2_489,Bifacial_adjacent,chert,2,Levallois,7.252133541066368,0.8095238095238095,0.840511564132085
MFA,SDG_L2_489,Bifacial_adjacent,chert,2,Discoid,11.539965327695374,0.6,0.4832956409904322
MFA,SDG_L2_489,Bifacial_adjacent,chert,2,Multiplatform,6.080859495789722,0.9,0.9119511754860233
MFA,SDG_L2_494,Unifacial_unidirection,chert,2,Unidirectional,2.859948891265404,0.9375,0.9964545998607424
MFA,SDG_L2_494,Unifacial_unidirection,chert,2,Bidirectional,14.258827501187126,0,0.2844863574170847
MFA,SDG_L2_494,Unifacial_unidirection,chert,2,Levallois,6.658339755197452,0.9047619047619048,0.8793418073364584
MFA,SDG_L2_494,Unifacial_unidirection,chert,2,Discoid,11.920968147114824,0.6,0.452047529434893
MFA,SDG_L2_494,Unifacial_unidirection,chert,2,Multiplatform,8.5097142651711,0.8,0.7441381538760197
MFA,SDG_L3_1066,Unifacial_centripetal,chert,3,Unidirectional,9.015642150256587,0.5625,0.7015938078417503
MFA,SDG_L3_1066,Unifacial_centripetal,chert,3,Bidirectional,28.952580243645855,0,0.004004361731345596
MFA,SDG_L3_1066,Unifacial_centripetal,chert,3,Levallois,8.284404307500601,0.7142857142857143,0.7625289376668246
MFA,SDG_L3_1066,Unifacial_centripetal,chert,3,Discoid,26.65048903137607,0,0.008673415811895005
MFA,SDG_L3_1066,Unifacial_centripetal,chert,3,Multiplatform,17.117426298767267,0,0.1452332633925368
MFA,SDG_L3_1163,Multifacial,sandstone,3,Unidirectional,7.770169259158279,0.625,0.8028231087722422
MFA,SDG_L3_1163,Multifacial,sandstone,3,Bidirectional,19.658846127172534,0,0.07382096205533956
MFA,SDG_L3_1163,Multifacial,sandstone,3,Levallois,13.53681391292681,0.23809523809523808,0.3312582924311722
MFA,SDG_L3_1163,Multifacial,sandstone,3,Discoid,15.47773933155599,0.4,0.21634370996586996
MFA,SDG_L3_1163,Multifacial,sandstone,3,Multiplatform,12.116355912716315,0.4,0.4363807972477717
MFA,SDG_L3_1191,Unifacial_centripetal,chert,3,Unidirectional,10.612785395595221,0.4375,0.562361551956985
MFA,SDG_L3_1191,Unifacial_centripetal,chert,3,Bidirectional,21.591610048928878,0,0.04236007371508829
MFA,SDG_L3_1191,Unifacial_centripetal,chert,3,Levallois,7.026846708362593,0.8095238095238095,0.8558343159558657
MFA,SDG_L3_1191,Unifacial_centripetal,chert,3,Discoid,24.016795685926734,0,0.020234297217353123
MFA,SDG_L3_1191,Unifacial_centripetal,chert,3,Multiplatform,16.83540549426007,0,0.1558944089504832
MFA,SDG_L3_1416,Unifacial_centripetal,chert,3,Unidirectional,21.213490342713577,0.0625,0.047340268240710796
MFA,SDG_L3_1416,Unifacial_centripetal,chert,3,Bidirectional,40.447680805858546,0,6.058406739757151e-5
MFA,SDG_L3_1416,Unifacial_centripetal,chert,3,Levallois,14.937930993420748,0.09523809523809523,0.24484840615777168
MFA,SDG_L3_1416,Unifacial_centripetal,chert,3,Discoid,35.33023290869748,0,4.1482099796095724e-4
MFA,SDG_L3_1416,Unifacial_centripetal,chert,3,Multiplatform,25.322505493070356,0,0.013366421372462018
MFA,SDG_L3_1437,Multifacial,chert,3,Unidirectional,17.176885735606877,0.0625,0.1430637409855534
MFA,SDG_L3_1437,Multifacial,chert,3,Bidirectional,19.772998877420445,0,0.07150376066881252
MFA,SDG_L3_1437,Multifacial,chert,3,Levallois,14.106530954423455,0.19047619047619047,0.29395721416232656
MFA,SDG_L3_1437,Multifacial,chert,3,Discoid,11.44059645598005,0.6,0.4915837138027979
MFA,SDG_L3_1437,Multifacial,chert,3,Multiplatform,5.548877532353671,0.9,0.937096584219417
MFA,SDG_L3_1492,Unifacial_centripetal,chert,3,Unidirectional,13.811253136545107,0.1875,0.3129234298562693
MFA,SDG_L3_1492,Unifacial_centripetal,chert,3,Bidirectional,28.688846649123953,0,0.004381166215559596
MFA,SDG_L3_1492,Unifacial_centripetal,chert,3,Levallois,9.369903055906184,0.6666666666666666,0.6710530783770631
MFA,SDG_L3_1492,Unifacial_centripetal,chert,3,Discoid,29.135187306423266,0,0.00376187283864575
MFA,SDG_L3_1492,Unifacial_centripetal,chert,3,Multiplatform,20.52162808971886,0,0.057839833458838544
MFA,SDG_L3_1547,Bifacial_adjacent,sandstone,3,Unidirectional,7.832861682865795,0.625,0.7980514792164847
MFA,SDG_L3_1547,Bifacial_adjacent,sandstone,3,Bidirectional,9.736306911889766,0.5,0.6390818432876716
MFA,SDG_L3_1547,Bifacial_adjacent,sandstone,3,Levallois,8.059083550489433,0.7142857142857143,0.780496319218831
MFA,SDG_L3_1547,Bifacial_adjacent,sandstone,3,Discoid,13.720226572412006,0.6,0.31892978683022166
MFA,SDG_L3_1547,Bifacial_adjacent,sandstone,3,Multiplatform,10.179191851982782,0.5,0.6002436617587564
MFA,SDG_L3_155,Multifacial,chert,3,Unidirectional,17.522279208861942,0.0625,0.13098434961005462
MFA,SDG_L3_155,Multifacial,chert,3,Bidirectional,17.13569860691176,0,0.14456369093899893
MFA,SDG_L3_155,Multifacial,chert,3,Levallois,14.612869766754105,0.09523809523809523,0.26329299355290137
MFA,SDG_L3_155,Multifacial,chert,3,Discoid,21.83945598181609,0,0.03935901800850148
MFA,SDG_L3_155,Multifacial,chert,3,Multiplatform,16.60588482789711,0,0.1650335465257429
MFA,SDG_L3_1677,Unifacial_unidirection,chert,3,Unidirectional,16.502588829662127,0.0625,0.1692852727064559
MFA,SDG_L3_1677,Unifacial_unidirection,chert,3,Bidirectional,37.474262309696456,0,1.8708780680411547e-4
MFA,SDG_L3_1677,Unifacial_unidirection,chert,3,Levallois,14.975779843217255,0.09523809523809523,0.2427636599682
MFA,SDG_L3_1677,Unifacial_unidirection,chert,3,Discoid,34.27831314472809,0,6.096209293871941e-4
MFA,SDG_L3_1677,Unifacial_unidirection,chert,3,Multiplatform,27.230991929986818,0,0.007156561383769358
MFA,SDG_L3_1748,Bifacial_adjacent,sandstone,3,Unidirectional,8.141073383572333,0.625,0.7740110557448024
MFA,SDG_L3_1748,Bifacial_adjacent,sandstone,3,Bidirectional,22.998550862149308,0,0.027738247430239595
MFA,SDG_L3_1748,Bifacial_adjacent,sandstone,3,Levallois,9.325891838442852,0.6666666666666666,0.6748716395847388
MFA,SDG_L3_1748,Bifacial_adjacent,sandstone,3,Discoid,22.252793933915306,0,0.034782353415812886
MFA,SDG_L3_1748,Bifacial_adjacent,sandstone,3,Multiplatform,14.479827850904622,0.3,0.2711218440609013
MFA,SDG_L3_188,Unifacial_unidirection,chert,3,Unidirectional,32.54306312886176,0,0.0011402718086203417
MFA,SDG_L3_188,Unifacial_unidirection,chert,3,Bidirectional,58.30199109616826,0,4.5951446599281503e-8
MFA,SDG_L3_188,Unifacial_unidirection,chert,3,Levallois,36.16535454457097,0,3.0474669247653146e-4
MFA,SDG_L3_188,Unifacial_unidirection,chert,3,Discoid,62.45301033044855,0,8.031989265539151e-9
MFA,SDG_L3_188,Unifacial_unidirection,chert,3,Multiplatform,45.640822183929444,0,7.999571906443126e-6
MFA,SDG_L3_303,Bifacial_independent,chert,3,Unidirectional,18.33267637658991,0.0625,0.10595636443938791
MFA,SDG_L3_303,Bifacial_independent,chert,3,Bidirectional,6.747776366347834,0.8333333333333334,0.8738215273685315
MFA,SDG_L3_303,Bifacial_independent,chert,3,Levallois,20.149730382738934,0,0.06430605231047447
MFA,SDG_L3_303,Bifacial_independent,chert,3,Discoid,15.163892139895406,0.4,0.2325958058466728
MFA,SDG_L3_303,Bifacial_independent,chert,3,Multiplatform,20.05812014276859,0,0.06599448174327828
MFA,SDG_L3_434,Bifacial_adjacent,chert,3,Unidirectional,18.717530212261728,0.0625,0.09557712463524641
MFA,SDG_L3_434,Bifacial_adjacent,chert,3,Bidirectional,19.83358967782601,0,0.0703000969110405
MFA,SDG_L3_434,Bifacial_adjacent,chert,3,Levallois,10.342287501318266,0.5238095238095238,0.5859593141587762
MFA,SDG_L3_434,Bifacial_adjacent,chert,3,Discoid,20.923764359570374,0,0.05150801021403044
MFA,SDG_L3_434,Bifacial_adjacent,chert,3,Multiplatform,15.796087082779293,0,0.20075517853675592
MFA,SDG_L3_55,Unifacial_unidirection,chert,3,Unidirectional,5.66689925922843,0.75,0.9319341011377936
MFA,SDG_L3_55,Unifacial_unidirection,chert,3,Bidirectional,17.871781789881982,0,0.11963949208280433
MFA,SDG_L3_55,Unifacial_unidirection,chert,3,Levallois,11.469890973688011,0.5238095238095238,0.489134810126231
MFA,SDG_L3_55,Unifacial_unidirection,chert,3,Discoid,15.07829154590733,0.4,0.23718280693396193
MFA,SDG_L3_55,Unifacial_unidirection,chert,3,Multiplatform,13.79494460714157,0.3,0.31399404086222055
MFA,SDG_L3_645,Unifacial_unidirection,chert,3,Unidirectional,8.916698235840999,0.5625,0.7100285771787601
MFA,SDG_L3_645,Unifacial_unidirection,chert,3,Bidirectional,22.00002737648543,0,0.0375195072781904
MFA,SDG_L3_645,Unifacial_unidirection,chert,3,Levallois,10.343039895021708,0.5238095238095238,0.585893493069864
MFA,SDG_L3_645,Unifacial_unidirection,chert,3,Discoid,17.820453561123376,0.2,0.12125191944739508
MFA,SDG_L3_645,Unifacial_unidirection,chert,3,Multiplatform,11.306564567034627,0.5,0.5028447911593078
MFA,SDG_L3_804,Core_on_flake,chert,3,Unidirectional,6.51769305990281,0.6875,0.8877742782895116
MFA,SDG_L3_804,Core_on_flake,chert,3,Bidirectional,10.422702298769273,0.3333333333333333,0.5789294347536316
MFA,SDG_L3_804,Core_on_flake,chert,3,Levallois,13.958377056927889,0.19047619047619047,0.30337414630136844
MFA,SDG_L3_804,Core_on_flake,chert,3,Discoid,12.631512828477298,0.6,0.3963827332542313
MFA,SDG_L3_804,Core_on_flake,chert,3,Multiplatform,15.710319325057458,0,0.20486709569389414
MFA,SDG_L3_890,Bifacial_adjacent,chert,3,Unidirectional,10.01205612535315,0.4375,0.6149029278108105
MFA,SDG_L3_890,Bifacial_adjacent,chert,3,Bidirectional,20.79989694618863,0,0.05338855891764117
MFA,SDG_L3_890,Bifacial_adjacent,chert,3,Levallois,5.351290391763371,1,0.9452052033369341
MFA,SDG_L3_890,Bifacial_adjacent,chert,3,Discoid,20.21225282115575,0,0.06317588125100883
MFA,SDG_L3_890,Bifacial_adjacent,chert,3,Multiplatform,14.233700383972502,0.3,0.2860342807280024
MFA,SDG_L3_978,Unifacial_centripetal,chert,3,Unidirectional,30.25458611531897,0,0.0025561967018950136
MFA,SDG_L3_978,Unifacial_centripetal,chert,3,Bidirectional,32.632503051012115,0,0.001104370209342029
MFA,SDG_L3_978,Unifacial_centripetal,chert,3,Levallois,24.32606857031033,0,0.01835987833685845
MFA,SDG_L3_978,Unifacial_centripetal,chert,3,Discoid,27.43064147700443,0,0.006695852705775712
MFA,SDG_L3_978,Unifacial_centripetal,chert,3,Multiplatform,24.92863354174332,0,0.015164701608976393
MFA,SDG_L4_1788,Multifacial,sandstone,4,Unidirectional,11.905197231254297,0.4375,0.453323155278349
MFA,SDG_L4_1788,Multifacial,sandstone,4,Bidirectional,23.79599025324285,0,0.021679998083985266
MFA,SDG_L4_1788,Multifacial,sandstone,4,Levallois,12.753644862595594,0.3333333333333333,0.3871982674339461
MFA,SDG_L4_1788,Multifacial,sandstone,4,Discoid,23.51031634664788,0,0.023693014927709602
MFA,SDG_L4_1788,Multifacial,sandstone,4,Multiplatform,22.29521692774748,0,0.03434129611059959
MFA,SDG_L4_1884,Unifacial_centripetal,chert,4,Unidirectional,11.397919814295653,0.4375,0.49515937971537854
MFA,SDG_L4_1884,Unifacial_centripetal,chert,4,Bidirectional,26.22149467261053,0,0.009985203786132789
MFA,SDG_L4_1884,Unifacial_centripetal,chert,4,Levallois,6.848730038607638,0.8571428571428571,0.8674460027133932
MFA,SDG_L4_1884,Unifacial_centripetal,chert,4,Discoid,21.394268032136363,0,0.044896648729442136
MFA,SDG_L4_1884,Unifacial_centripetal,chert,4,Multiplatform,12.620403077110925,0.3,0.3972240757653493
MFA,SDG_L4_1916,Multifacial,sandstone,4,Unidirectional,27.101127391797906,0.0625,0.007472247948127791
MFA,SDG_L4_1916,Multifacial,sandstone,4,Bidirectional,27.829738715942266,0,0.005858146444177895
MFA,SDG_L4_1916,Multifacial,sandstone,4,Levallois,35.48124877071169,0,3.9239135740792256e-4
MFA,SDG_L4_1916,Multifacial,sandstone,4,Discoid,29.654918163655825,0,0.0031463595402973013
MFA,SDG_L4_1916,Multifacial,sandstone,4,Multiplatform,27.658714945432333,0,0.0062041071429542
MFA,SDG_L4_1951,Unifacial_centripetal,chert,4,Unidirectional,9.215097563655048,0.5625,0.6844567191704265
MFA,SDG_L4_1951,Unifacial_centripetal,chert,4,Bidirectional,29.39779219716858,0,0.0034376936178325615
MFA,SDG_L4_1951,Unifacial_centripetal,chert,4,Levallois,7.817836756691945,0.7619047619047619,0.7991988836362743
MFA,SDG_L4_1951,Unifacial_centripetal,chert,4,Discoid,26.105813694363803,0,0.010369838742424949
MFA,SDG_L4_1951,Unifacial_centripetal,chert,4,Multiplatform,19.02846618896141,0,0.08784378891341726
MFA,SDG_L4_2001,Core_on_flake,chert,4,Unidirectional,7.283990852749817,0.6875,0.8382897877921954
MFA,SDG_L4_2001,Core_on_flake,chert,4,Bidirectional,17.15098354412227,0,0.14400554127967466
MFA,SDG_L4_2001,Core_on_flake,chert,4,Levallois,6.533245520649507,0.9047619047619048,0.8868569837913616
MFA,SDG_L4_2001,Core_on_flake,chert,4,Discoid,18.56197288319301,0.2,0.09966197780159487
MFA,SDG_L4_2001,Core_on_flake,chert,4,Multiplatform,9.445044828933819,0.6,0.6645206800855082
MFA,SDG_L4_2004,Unifacial_centripetal,chert,4,Unidirectional,15.136820691232025,0.125,0.23403927173421002
MFA,SDG_L4_2004,Unifacial_centripetal,chert,4,Bidirectional,10.593723167236178,0.3333333333333333,0.5640193843881036
MFA,SDG_L4_2004,Unifacial_centripetal,chert,4,Levallois,24.295156012858737,0,0.018539671084397157
MFA,SDG_L4_2004,Unifacial_centripetal,chert,4,Discoid,17.707605957319373,0.2,0.1248613266870967
MFA,SDG_L4_2004,Unifacial_centripetal,chert,4,Multiplatform,21.319488600813546,0,0.045893266545648445
MFA,SDG_L4_2158,Bifacial_adjacent,sandstone,4,Unidirectional,29.501003698230853,0,0.0033177676108633587
MFA,SDG_L4_2158,Bifacial_adjacent,sandstone,4,Bidirectional,55.151262751231904,0,1.7003453191811576e-7
MFA,SDG_L4_2158,Bifacial_adjacent,sandstone,4,Levallois,24.855682818135904,0,0.015521748712566412
MFA,SDG_L4_2158,Bifacial_adjacent,sandstone,4,Discoid,46.54278254776879,0,5.592680838826818e-6
MFA,SDG_L4_2158,Bifacial_adjacent,sandstone,4,Multiplatform,38.947257650274175,0,1.0736024078717792e-4
MFA,SDG_L4_2164,Unifacial_centripetal,chert,4,Unidirectional,50.96129481591802,0,9.46255334031414e-7
MFA,SDG_L4_2164,Unifacial_centripetal,chert,4,Bidirectional,55.8660927645474,0,1.2652069817890126e-7
MFA,SDG_L4_2164,Unifacial_centripetal,chert,4,Levallois,66.99424124776564,0,1.1640625023075508e-9
MFA,SDG_L4_2164,Unifacial_centripetal,chert,4,Discoid,67.04134419132676,0,1.1408396337349274e-9
MFA,SDG_L4_2164,Unifacial_centripetal,chert,4,Multiplatform,69.49340150752712,0,3.9836802706979954e-10
MFA,SDG_L4_2165,Core_on_flake,chert,4,Unidirectional,55.474080929745256,0,1.4880017433196818e-7
MFA,SDG_L4_2165,Core_on_flake,chert,4,Bidirectional,48.85785766904585,0,2.214841138672761e-6
MFA,SDG_L4_2165,Core_on_flake,chert,4,Levallois,69.22932931456364,0,4.462917137549133e-10
MFA,SDG_L4_2165,Core_on_flake,chert,4,Discoid,47.52103539972865,0,3.7861516333240406e-6
MFA,SDG_L4_2165,Core_on_flake,chert,4,Multiplatform,61.20694391295344,0,1.3589163223091858e-8
MFA,SDG_L4_2182,Core_on_flake,sandstone,4,Unidirectional,12.534627846377164,0.375,0.40375236494095484
MFA,SDG_L4_2182,Core_on_flake,sandstone,4,Bidirectional,35.683030420251846,0,3.6425877499448293e-4
MFA,SDG_L4_2182,Core_on_flake,sandstone,4,Levallois,18.524027644471243,0,0.10068088762485566
MFA,SDG_L4_2182,Core_on_flake,sandstone,4,Discoid,37.61455097165048,0,1.774988818326473e-4
MFA,SDG_L4_2182,Core_on_flake,sandstone,4,Multiplatform,27.060607662571627,0,0.0075734257556783055
MFA,SDG_L4_2213,Core_on_flake,chert,4,Unidirectional,5.914407670659128,0.75,0.9203350261855227
MFA,SDG_L4_2213,Core_on_flake,chert,4,Bidirectional,9.509673263415648,0.5,0.6588906259901994
MFA,SDG_L4_2213,Core_on_flake,chert,4,Levallois,10.55296066906243,0.5238095238095238,0.5675674170344497
MFA,SDG_L4_2213,Core_on_flake,chert,4,Discoid,14.515601087751392,0.6,0.2690007689997798
MFA,SDG_L4_2213,Core_on_flake,chert,4,Multiplatform,13.67087184378289,0.3,0.32221764984743984
MFA,SDG_L4_2292,Unifacial_centripetal,chert,4,Unidirectional,12.888193211714375,0.375,0.3772194346263427
MFA,SDG_L4_2292,Unifacial_centripetal,chert,4,Bidirectional,16.153050573308363,0,0.18432621384213368
MFA,SDG_L4_2292,Unifacial_centripetal,chert,4,Levallois,22.05998644469212,0,0.03685298329234188
MFA,SDG_L4_2292,Unifacial_centripetal,chert,4,Discoid,18.184025555546782,0.2,0.11021605217268801
MFA,SDG_L4_2292,Unifacial_centripetal,chert,4,Multiplatform,18.570579950870915,0,0.09943209715447907
MFA,SDG_L4_2389,Multifacial,sandstone,4,Unidirectional,8.033547638131257,0.625,0.7825032828538556
MFA,SDG_L4_2389,Multifacial,sandstone,4,Bidirectional,23.313803413407015,0,0.025176949652443034
MFA,SDG_L4_2389,Multifacial,sandstone,4,Levallois,17.29883724930792,0,0.13869761584569743
MFA,SDG_L4_2389,Multifacial,sandstone,4,Discoid,22.141224551103555,0,0.03596717109899314
MFA,SDG_L4_2389,Multifacial,sandstone,4,Multiplatform,19.134667655731963,0,0.08532994323441083
MFA,SDG_L4_2527,Unifacial_unidirection,chert,4,Unidirectional,5.509206875571764,0.75,0.9387782567622756
MFA,SDG_L4_2527,Unifacial_unidirection,chert,4,Bidirectional,20.920538010654525,0,0.051556226571558686
MFA,SDG_L4_2527,Unifacial_unidirection,chert,4,Levallois,8.743865071704565,0.6666666666666666,0.7246380671405109
MFA,SDG_L4_2527,Unifacial_unidirection,chert,4,Discoid,19.255173668066437,0,0.0825536422381981
MFA,SDG_L4_2527,Unifacial_unidirection,chert,4,Multiplatform,13.276990380538152,0.3,0.3492334781449321
MFA,SDG_L4_2733,Bifacial_independent,chert,4,Unidirectional,12.98177986385674,0.375,0.3703663947001145
MFA,SDG_L4_2733,Bifacial_independent,chert,4,Bidirectional,15.538465301240056,0,0.21330096457367298
MFA,SDG_L4_2733,Bifacial_independent,chert,4,Levallois,12.367047987213049,0.38095238095238093,0.4166698191119381
MFA,SDG_L4_2733,Bifacial_independent,chert,4,Discoid,19.693103043955183,0,0.07311872178184199
MFA,SDG_L4_2733,Bifacial_independent,chert,4,Multiplatform,13.340601734531932,0.3,0.34477796232370356
MFA,SDG_L4_2818,Multifacial,sandstone,4,Unidirectional,13.391697043394373,0.3125,0.3412246913555693
MFA,SDG_L4_2818,Multifacial,sandstone,4,Bidirectional,31.400558325234087,0,0.0017109765602115682
MFA,SDG_L4_2818,Multifacial,sandstone,4,Levallois,12.37730742091137,0.38095238095238093,0.4158729103211187
MFA,SDG_L4_2818,Multifacial,sandstone,4,Discoid,29.646057464383382,0,0.003155992162280941
MFA,SDG_L4_2818,Multifacial,sandstone,4,Multiplatform,19.023956197794075,0,0.08795195392131482
MFA,SDG_L4_3095,Bifacial_adjacent,chert,4,Unidirectional,19.730018635139317,0.0625,0.0723685792157643
MFA,SDG_L4_3095,Bifacial_adjacent,chert,4,Bidirectional,35.090842609109714,0,4.5295972607694305e-4
MFA,SDG_L4_3095,Bifacial_adjacent,chert,4,Levallois,12.088385286730794,0.42857142857142855,0.4386076753454286
MFA,SDG_L4_3095,Bifacial_adjacent,chert,4,Discoid,30.153366133102136,0,0.002647720760335502
MFA,SDG_L4_3095,Bifacial_adjacent,chert,4,Multiplatform,24.91936567772997,0,0.015209630892157657
MFA,SDG_L4_3155,Unifacial_unidirection,chert,4,Unidirectional,20.006586213137687,0.0625,0.0669614763994489
MFA,SDG_L4_3155,Unifacial_unidirection,chert,4,Bidirectional,41.73607198419117,0,3.688780938358781e-5
MFA,SDG_L4_3155,Unifacial_unidirection,chert,4,Levallois,26.37875210811647,0,0.009483924907600255
MFA,SDG_L4_3155,Unifacial_unidirection,chert,4,Discoid,43.81141683118601,0,1.6443332147291643e-5
MFA,SDG_L4_3155,Unifacial_unidirection,chert,4,Multiplatform,34.985031073213406,0,4.708863352599942e-4
MFA,SDG_L4_3192,Multifacial,chert,4,Unidirectional,4.991702243077608,0.75,0.9582555360287432
MFA,SDG_L4_3192,Multifacial,chert,4,Bidirectional,14.174532495846442,0,0.28970212670183243
MFA,SDG_L4_3192,Multifacial,chert,4,Levallois,7.60550114478336,0.7619047619047619,0.8151497853770818
MFA,SDG_L4_3192,Multifacial,chert,4,Discoid,12.612552871331298,0.6,0.3978191581363226
MFA,SDG_L4_3192,Multifacial,chert,4,Multiplatform,6.184059262770245,0.9,0.9065207006736917
MFA,SDG_L4_3283,Multifacial,sandstone,4,Unidirectional,27.17323560647772,0.0625,0.007295362595560356
MFA,SDG_L4_3283,Multifacial,sandstone,4,Bidirectional,41.66399958769269,0,3.7930259956958836e-5
MFA,SDG_L4_3283,Multifacial,sandstone,4,Levallois,29.984686853576754,0,0.0028072887247001
MFA,SDG_L4_3283,Multifacial,sandstone,4,Discoid,45.35933189781632,0,8.941811572935899e-6
MFA,SDG_L4_3283,Multifacial,sandstone,4,Multiplatform,36.51717044694645,0,2.6743584848159163e-4
MFA,SDG_L4_3342,Multifacial,chert,4,Unidirectional,18.17947893266889,0.0625,0.110348605022174
MFA,SDG_L4_3342,Multifacial,chert,4,Bidirectional,29.270657715551994,0,0.003591140927005045
MFA,SDG_L4_3342,Multifacial,chert,4,Levallois,12.713492354162552,0.3333333333333333,0.3902046363382573
MFA,SDG_L4_3342,Multifacial,chert,4,Discoid,19.737012722676482,0,0.07222722338496078
MFA,SDG_L4_3342,Multifacial,chert,4,Multiplatform,16.68179976713382,0,0.16196401691185242
MFA,SDG_L4_3506,Multifacial,chert,4,Unidirectional,29.35985226452672,0,0.003482814723659904
MFA,SDG_L4_3506,Multifacial,chert,4,Bidirectional,32.482496950626704,0,0.0011652227330552522
MFA,SDG_L4_3506,Multifacial,chert,4,Levallois,20.376911393954668,0,0.06028362489442519
MFA,SDG_L4_3506,Multifacial,chert,4,Discoid,24.961162751011866,0,0.01500798799809646
MFA,SDG_L4_3506,Multifacial,chert,4,Multiplatform,17.12183432070296,0,0.1450715023420342
MFA,SDG_L4_3513,Multifacial,sandstone,4,Unidirectional,9.087049107156549,0.5625,0.695477843538054
MFA,SDG_L4_3513,Multifacial,sandstone,4,Bidirectional,31.308450612214738,0,0.0017674582097261607
MFA,SDG_L4_3513,Multifacial,sandstone,4,Levallois,14.686897038258264,0.09523809523809523,0.2590073130678878
MFA,SDG_L4_3513,Multifacial,sandstone,4,Discoid,30.538055202416636,0,0.002315800170103527
MFA,SDG_L4_3513,Multifacial,sandstone,4,Multiplatform,20.26581921504839,0,0.062221697174962246
MFA,SDG_L4_3821,Multifacial,chert,4,Unidirectional,33.30829207965049,0,8.663552617691549e-4
MFA,SDG_L4_3821,Multifacial,chert,4,Bidirectional,25.119877548347585,0,0.014264916602181937
MFA,SDG_L4_3821,Multifacial,chert,4,Levallois,38.4081601832387,0,1.3165748090326898e-4
MFA,SDG_L4_3821,Multifacial,chert,4,Discoid,24.715075514875092,0,0.016232269367579058
MFA,SDG_L4_3821,Multifacial,chert,4,Multiplatform,28.120552882252486,0,0.005311711364487867
MFA,SDG_L4_3952,Bifacial_adjacent,sandstone,4,Unidirectional,35.115099442384675,0,4.4894477486999857e-4
MFA,SDG_L4_3952,Bifacial_adjacent,sandstone,4,Bidirectional,31.42978641304027,0,0.001693420780137816
MFA,SDG_L4_3952,Bifacial_adjacent,sandstone,4,Levallois,28.88190579369283,0,0.004102174428231675
MFA,SDG_L4_3952,Bifacial_adjacent,sandstone,4,Discoid,26.312550831574267,0,0.009691976664531511
MFA,SDG_L4_3952,Bifacial_adjacent,sandstone,4,Multiplatform,27.189569535967145,0,0.007255851174819147
MFA,SDG_L4_3971,Bifacial_independent,chert,4,Unidirectional,13.072544478526437,0.3125,0.3637899716413005
MFA,SDG_L4_3971,Bifacial_independent,chert,4,Bidirectional,23.76475697675684,0,0.021892082374201274
MFA,SDG_L4_3971,Bifacial_independent,chert,4,Levallois,6.8278639167647475,0.8571428571428571,0.8687761586726209
MFA,SDG_L4_3971,Bifacial_independent,chert,4,Discoid,26.972626920572893,0,0.007797612681639881
MFA,SDG_L4_3971,Bifacial_independent,chert,4,Multiplatform,16.816549313769272,0,0.1566293958442328
MFA,SDG_L4_4262,Bifacial_adjacent,chert,4,Unidirectional,17.551420494153547,0.0625,0.1300052490472693
MFA,SDG_L4_4262,Bifacial_adjacent,chert,4,Bidirectional,15.00646301113002,0,0.24108319670488554
MFA,SDG_L4_4262,Bifacial_adjacent,chert,4,Levallois,17.986829813360416,0,0.11609099858484752
MFA,SDG_L4_4262,Bifacial_adjacent,chert,4,Discoid,13.59492180751675,0.6,0.3273198867368754
MFA,SDG_L4_4262,Bifacial_adjacent,chert,4,Multiplatform,9.981166721096137,0.6,0.6176129629012973
MFA,SDG_L4_4386,Unifacial_centripetal,chert,4,Unidirectional,14.899083878470991,0.125,0.2470017422806195
MFA,SDG_L4_4386,Unifacial_centripetal,chert,4,Bidirectional,31.86547431329605,0,0.001451479928482917
MFA,SDG_L4_4386,Unifacial_centripetal,chert,4,Levallois,14.211288273419576,0.19047619047619047,0.2874198395089825
MFA,SDG_L4_4386,Unifacial_centripetal,chert,4,Discoid,27.161736221689782,0,0.007323301942589848
MFA,SDG_L4_4386,Unifacial_centripetal,chert,4,Multiplatform,18.975411595987907,0,0.08912356768471134
MFA,SDG_L4_4460,Unifacial_unidirection,chert,4,Unidirectional,9.64967701745119,0.5,0.6466638152488805
MFA,SDG_L4_4460,Unifacial_unidirection,chert,4,Bidirectional,27.079152803350354,0,0.007526958036439913
MFA,SDG_L4_4460,Unifacial_unidirection,chert,4,Levallois,12.013550060653,0.42857142857142855,0.44459203003370146
MFA,SDG_L4_4460,Unifacial_unidirection,chert,4,Discoid,26.00032253583816,0,0.01073276215589266
MFA,SDG_L4_4460,Unifacial_unidirection,chert,4,Multiplatform,20.028103981542394,0,0.06655619417885203
MFA,SDG_L4_4583,Unifacial_centripetal,chert,4,Unidirectional,10.25251466845416,0.4375,0.5938182324518352
MFA,SDG_L4_4583,Unifacial_centripetal,chert,4,Bidirectional,23.70687945161841,0,0.02229019584072732
MFA,SDG_L4_4583,Unifacial_centripetal,chert,4,Levallois,6.574077344813438,0.9047619047619048,0.8844306717923502
MFA,SDG_L4_4583,Unifacial_centripetal,chert,4,Discoid,21.468291765935366,0,0.04392945609158119
MFA,SDG_L4_4583,Unifacial_centripetal,chert,4,Multiplatform,11.952624551997078,0.4,0.44949190880950285
