ID,group,hi_share,p3,p4,n_scars
EXP01_Levallois preferential,EXP,5.398005128104872e-4,0.17500803,0.0321164,35
EXP02_Cylindrical bidirectional,EXP,9.521907427087792e-4,0.13570005,0.18655936,19
EXP03_Conical unidirectional,EXP,5.354900053549e-4,0.1286726,0.03739264,10
EXP04_Levallois preferential,EXP,7.479116005308251e-4,0.20066222,0.04952273,29
EXP05_Levallois preferential,EXP,5.605615471498701e-4,0.14510416,0.12670816,24
EXP06_Levallois convergent,EXP,6.189612379224759e-4,0.22745235,0.08549855,22
EXP07_Levallois preferential,EXP,8.14721686473891e-4,0.14021626,0.03232275,27
EXP08_Levallois preferential,EXP,5.995909533496158e-4,0.19409184,0.01910184,28
EXP09_Levallois preferential,EXP,6.868524314576074e-4,0.18097383,0.09832145,27
EXP10_Cylindrical unidirectional,EXP,4.8769002438450124e-4,0.17575596,0.06548551,33
EXP11_Cylindrical bidirectional,EXP,4.7916011979002996e-4,0.26995826,0.11943666,20
EXP12_Discoid,EXP,0.0018410402177732085,0.23032442,0.22456517,17
EXP13_Conical unidirectional,EXP,7.71970887766521e-4,0.15070711,0.11054482,16
EXP14_Levallois convergent,EXP,6.929828620192201e-4,0.11762785,0.05725848,19
EXP15_Levallois convergent,EXP,4.531714954659351e-4,0.19086297,0.07022503,17
EXP16_Discoid,EXP,0.001266934522956247,0.1800671,0.25166533,17
EXP17_Discoid,EXP,9.911257985452287e-4,0.61551975,0.14785216,18
EXP18_Discoid,EXP,5.503534727304129e-4,0.19687002,0.05741513,16
EXP19_Levallois preferential,EXP,6.076833787195857e-4,0.32461386,0.04816929,27
EXP20_Cylindrical bidirectional,EXP,0.0012264856050392152,0.30650152,0.15359858,11
EXP21_Levallois preferential,EXP,0.0010796767479796748,0.04882657,0.10655144,37
EXP22_Cylindrical unidirectional,EXP,4.719303161933119e-4,0.20980832,0.08468247,24
EXP23_Cylindrical unidirectional,EXP,4.992500748875113e-4,0.19432974,0.07604802,27
EXP24_Cylindrical unidirectional,EXP,3.673200073464001e-4,0.1365772,0.03775063,12
EXP25_Levallois Nubian,EXP,9.629338132179004e-4,0.11284897,0.07298304,24
EXP26_Levallois recurrent,EXP,6.716411082078286e-4,0.06198049,0.03469768,21
EXP27_Levallois convergent,EXP,0.001835138608305488,0.09793026,0.10439031,22
EXP28_Levallois convergent,EXP,3.4910040495646975e-4,0.02300617,0.04568059,21
EXP29_Levallois preferential,EXP,3.805208219249753e-4,0.06167146,0.08078927,35
EXP30_Levallois Nubian,EXP,7.819528775865895e-4,0.07466561,0.04782519,29
EXP31_Levallois laminar,EXP,9.322376723160432e-4,0.13712482,0.07205728,32
EXP32_Conical unidirectional,EXP,4.6540060502078655e-4,0.07050697,0.11039871,16
EXP33_Cylindrical bidirectional,EXP,8.555200598864042e-4,0.06957114,0.12154973,15
EXP34_Multiplatform,EXP,3.601814407257629e-4,0.2068569,0.14046318,12
EXP35_Levallois laminar,EXP,6.259639122744516e-4,0.23486104,0.13514074,16
EXP36_Conical unidirectional,EXP,2.939500176370011e-4,0.15333353,0.05082324,25
EXP37_Conical unidirectional,EXP,2.906500145325007e-4,0.17863917,0.06475401,19
EXP38_Multiplatform,EXP,0.004489392055708927,0.3596654,0.22011946,17
EXP39_Multiplatform,EXP,5.909824880362746e-4,0.11174643,0.11778416,25
EXP40_Conical unidirectional,EXP,3.372202596595999e-4,0.23721721,0.05276438,24
EXP41_Subconical unidirectional,EXP,4.912002996321828e-4,0.20959282,0.05314991,11
EXP42_Multiplatform,EXP,6.357624476854236e-4,0.27851276,0.08690495,16
EXP43_Biface,EXP,0.001750300566031651,0.18656974,0.12905948,19
EXP44_Multiplatform,EXP,7.741805109591373e-4,0.35439248,0.07584362,14
EXP45_Conical unidirectional,EXP,2.510100050202001e-4,0.16593533,0.05262312,19
EXP46_Conical unidirectional,EXP,2.473600024736e-4,0.13786033,0.0376683,19
EXP47_Conical bidirectional,EXP,7.573600378680019e-4,0.21814487,0.1289423,13
EXP48_Multiplatform,EXP,8.377213152224649e-4,0.20154304,0.06054904,17
EXP49_Discoid,EXP,0.001991132125994647,0.26228563,0.09973107,12
EXP50_Multiplatform,EXP,0.0012995698834192165,0.29969542,0.12310687,13
EXP51_Conical unidirectional,EXP,2.3794000237940005e-4,0.19373922,0.04409977,15
EXP52_Levallois preferential,EXP,6.71167490229191e-4,0.21369581,0.05242304,26
EXP53_Levallois recurrent,EXP,6.602228653672357e-4,0.25816513,0.09351498,14
EXP54_Multiplatform,EXP,0.0012207446144146424,0.45585437,0.08483815,10
EXP55_Multiplatform,EXP,7.119105339329004e-4,0.1538747,0.07446751,11
EXP56_Multiplatform,EXP,4.358308498701573e-4,0.2550644,0.05217862,15
EXP57_Conical bidirectional,EXP,7.231607665504126e-4,0.27324647,0.0973551,14
EXP58_Conical unidirectional,EXP,7.90373643622497e-4,0.24993123,0.13195931,16
EXP59_Subconical unidirectional,EXP,4.2511040385488364e-4,0.26249932,0.0874705,26
SDG_L2_489,SDG,5.828200000000001e-4,0.20362834,0.07763028,4
SDG_L2_494,SDG,5.3842e-4,0.16406553,0.05438496,5
SDG_L3_1066,SDG,2.2712005905121537e-4,0.07645991,0.03271103,12
SDG_L3_1163,SDG,0.00069960001399200025,0.20216501,0.05872082,6
SDG_L3_1191,SDG,3.2370001294800054e-4,0.10552396,0.03878074,6
SDG_L3_1318,SDG,0.0016189277870426557,0.05755832,0.18108519,9
SDG_L3_1416,SDG,7.148803931842162e-4,0.06822501,0.0185327,11
SDG_L3_1437,SDG,0.0012181631184975835,0.27183997,0.13594637,8
SDG_L3_1492,SDG,5.361302895103563e-4,0.10096471,0.03277397,12
SDG_L3_1547,SDG,7.209103676642875e-4,0.12413798,0.12486098,10
SDG_L3_155,SDG,3.0036000600720017e-4,0.13235079,0.08612346,15
SDG_L3_1677,SDG,4.3075281712342395e-4,0.11901901,0.0467242,8
SDG_L3_1748,SDG,4.057100365139033e-4,0.15192107,0.07938914,7
SDG_L3_188,SDG,0.00026345001053800047,0.10645678,0.01785631,7
SDG_L3_303,SDG,5.939900059399e-4,0.13288729,0.08287261,10
SDG_L3_434,SDG,9.535603909597602e-4,0.09972356,0.04745906,6
SDG_L3_55,SDG,5.074400253720013e-4,0.15329565,0.0794586,6
SDG_L3_636,SDG,8.891960554251374e-4,0.09155321,0.09105203,9
SDG_L3_645,SDG,7.060700141214003e-4,0.10991595,0.04574309,3
SDG_L3_804,SDG,4.708000141240004e-4,0.14624915,0.06928459,6
SDG_L3_890,SDG,5.791400289570015e-4,0.09339366,0.03627759,4
SDG_L3_978,SDG,0.0016056424245200613,0.05169457,0.08033999,7
SDG_L4_1788,SDG,2.1416001070800054e-4,0.20076196,0.032265340000000003,6
SDG_L4_1884,SDG,7.370411203025029e-4,0.0643879,0.04487104,7
SDG_L4_1916,SDG,5.597304365897405e-4,0.11587434,0.0541533,12
SDG_L4_1951,SDG,2.8487000569740013e-4,0.09600998,0.03747393,7
SDG_L4_2001,SDG,6.603500132070002e-4,0.11677265,0.04174108,4
SDG_L4_2004,SDG,0.0011972904070787385,0.07336256,0.08701445,9
SDG_L4_2158,SDG,4.911817682543658e-4,0.05418184,0.01877447,20
SDG_L4_2164,SDG,7.6244e-4,0.13165865,0.07498259,6
SDG_L4_2165,SDG,6.549900654990064e-4,0.27425841,0.03365821,6
SDG_L4_2182,SDG,1.3102000131020003e-4,0.1207688,0.02544986,13
SDG_L4_2213,SDG,6.8188e-4,0.21854535,0.05281821,5
SDG_L4_2292,SDG,8.839800265194009e-4,0.18269354,0.07312035,5
SDG_L4_2389,SDG,7.42870742870743e-4,0.20415083,0.03811499,16
SDG_L4_2527,SDG,2.5691000256910005e-4,0.14856368,0.04428622,8
SDG_L4_2733,SDG,0.0019370939323006824,0.09516143,0.04326234,8
SDG_L4_2818,SDG,6.065900303295016e-4,0.11375385,0.02865059,10
SDG_L4_3095,SDG,5.252700262635013e-4,0.11828215,0.0253031,6
SDG_L4_3155,SDG,1.7983001438640116e-4,0.12901744,0.03939411,9
SDG_L4_3192,SDG,5.695637249467612e-4,0.1524234,0.0914789,6
SDG_L4_3283,SDG,5.510411626968532e-4,0.14848145,0.06272224,10
SDG_L4_3341,SDG,1.6449000164490003e-4,0.13884939,0.03810577,16
SDG_L4_3342,SDG,0.002017458365464619,0.09460015,0.06915267,8
SDG_L4_3506,SDG,8.189733161703114e-4,0.31322808,0.09035328,16
SDG_L4_3513,SDG,1.55990024958404e-4,0.10829097,0.03499649,21
SDG_L4_3821,SDG,0.0015988411831424755,0.35690744,0.0634063,6
SDG_L4_3952,SDG,8.004500160090004e-4,0.30012932,0.07016357,3
SDG_L4_3971,SDG,2.9354e-4,0.09999112,0.03491116,7
SDG_L4_4262,SDG,0.0023786225871294435,0.25711433,0.16502138,7
SDG_L4_4386,SDG,5.887200588720059e-4,0.07558764,0.0311617,7
SDG_L4_4460,SDG,2.174500021745e-4,0.12995569,0.03118742,8
SDG_L4_4583,SDG,5.296600370762026e-4,0.1351571,0.03751345,7
SDG_L4_4604,SDG,7.969421517438097e-4,0.28885257,0.05331116,26
SDG_L4_4858,SDG,4.3779042903462046e-4,0.13289971,0.04717736,27
