ID,Typology,n_scars,power_l0,power_l1,power_l2,power_l3,power_l4,power_l5,power_l6,power_l7,power_l8,power_l9,power_l10,power_l11,power_l12,power_l13,power_l14,power_l15,power_l16,power_l17,power_l18,power_l19,power_l20
EXP01_Levallois preferential,Levallois preferential,35,0.0,0.51439188,0.36892506,0.10257104,0.01056356,0.00331179,0.00016282,5.144e-05,4.5e-06,1.078e-05,2.01e-06,3.18e-06,9.6e-07,5.4e-07,3.1e-07,3e-08,5e-08,2e-08,0.0,3e-08,0.0
EXP02_Cylindrical bidirectional,Bidirectional,19,0.0,0.37857225,0.45453563,0.09270042,0.0704064,0.00306089,0.00067593,3.865e-05,6.06e-06,1.08e-06,1.43e-06,3.9e-07,5.6e-07,1.1e-07,1.5e-07,3e-08,2e-08,1e-08,0.0,0.0,0.0
EXP03_Conical unidirectional,Unidirectional,10,0.0,0.61858899,0.29505814,0.07276515,0.01190063,0.00148443,0.00017134,2.701e-05,2.4e-06,1.09e-06,3.1e-07,2.8e-07,1.4e-07,2e-08,4e-08,0.0,1e-08,1e-08,0.0,1e-08,0.0
EXP04_Levallois preferential,Levallois preferential,29,0.0,0.62665932,0.24164344,0.1140827,0.01536483,0.00197749,0.00018257,5.772e-05,7.32e-06,1.414e-05,2.92e-06,4.65e-06,1.16e-06,1.09e-06,3.2e-07,1.9e-07,4e-08,6e-08,0.0,4e-08,0.0
EXP05_Levallois preferential,Levallois preferential,24,0.0,0.58631555,0.27439401,0.09092256,0.04264328,0.00534905,0.00029852,3.634e-05,1.938e-05,5.03e-06,8.95e-06,1.67e-06,3.78e-06,4.2e-07,1.14e-06,7e-08,2e-07,1e-08,1e-08,1e-08,1e-08
EXP06_Levallois convergent,Levallois convergent,22,0.0,0.72647135,0.11413441,0.13065746,0.02691832,0.00157643,0.00018722,3.755e-05,6.31e-06,4.7e-06,2.86e-06,1.51e-06,1.06e-06,3.9e-07,2.8e-07,8e-08,4e-08,2e-08,0.0,1e-08,0.0
EXP07_Levallois preferential,Levallois preferential,27,0.0,0.56036753,0.34882809,0.07847526,0.01006022,0.00186168,0.0003038,5.916e-05,7.89e-06,2.176e-05,4.37e-06,6.16e-06,2.07e-06,1.04e-06,6.7e-07,7e-08,1.1e-07,5e-08,1e-08,6e-08,1e-08
EXP08_Levallois preferential,Levallois preferential,28,0.0,0.64520341,0.24031404,0.10748726,0.00582947,0.00098803,0.00014614,1.97e-05,4.92e-06,1.68e-06,2.96e-06,4.6e-07,1.26e-06,1.3e-07,3.8e-07,6e-08,6e-08,3e-08,0.0,1e-08,0.0
EXP09_Levallois preferential,Levallois preferential,27,0.0,0.55949951,0.29295678,0.1107106,0.03316072,0.00324103,0.00033262,5.355e-05,6.71e-06,2.409e-05,3.33e-06,7.36e-06,1.44e-06,1.49e-06,4.5e-07,1.4e-07,8e-08,4e-08,1e-08,5e-08,1e-08
EXP10_Cylindrical unidirectional,Unidirectional,33,0.0,0.58631424,0.28572069,0.10378362,0.02156075,0.00238675,0.00020428,2.542e-05,1.7e-06,1.53e-06,3.1e-07,4.1e-07,1.6e-07,5e-08,5e-08,1e-08,1e-08,1e-08,0.0,1e-08,0.0
EXP11_Cylindrical bidirectional,Bidirectional,20,0.0,0.08619027,0.65676146,0.20176745,0.0497725,0.00495705,0.00052202,1.598e-05,4.93e-06,2.56e-06,2.61e-06,8.6e-07,1.43e-06,2.4e-07,5e-07,4e-08,9e-08,1e-08,0.0,0.0,0.0
EXP12_Discoid,Discoid,17,0.0,0.22108489,0.47708041,0.18744298,0.10022646,0.01300935,0.00091521,0.00010259,7.338e-05,1.72e-05,2.619e-05,5.54e-06,1.081e-05,1.07e-06,3.2e-06,8e-08,5.3e-07,2e-08,3e-08,4e-08,3e-08
EXP13_Conical unidirectional,Unidirectional,16,0.0,0.49803209,0.36211496,0.09511895,0.03875471,0.00553405,0.00040311,3.218e-05,5.24e-06,1.7e-06,1.4e-06,4.9e-07,6.7e-07,1.2e-07,2.2e-07,3e-08,4e-08,1e-08,0.0,1e-08,0.0
EXP14_Levallois convergent,Levallois convergent,19,0.0,0.82147858,0.09695737,0.06173667,0.01621117,0.00325214,0.00026034,5.224e-05,1.381e-05,2.139e-05,6e-06,5.97e-06,2.28e-06,1.07e-06,6.5e-07,1e-07,1.1e-07,5e-08,1e-08,5e-08,1e-08
EXP15_Levallois convergent,Levallois convergent,17,0.0,0.74813407,0.12252177,0.10617556,0.02131693,0.0016065,0.00018972,2.6e-05,1.251e-05,6.77e-06,5.22e-06,2.28e-06,1.64e-06,5.4e-07,3.3e-07,9e-08,3e-08,2e-08,1e-08,1e-08,1e-08
EXP16_Discoid,Discoid,17,0.0,0.1919142,0.55471413,0.14017249,0.10866394,0.00343604,0.00091067,0.00010222,3.344e-05,1.621e-05,1.732e-05,5.3e-06,8.78e-06,1.33e-06,3.06e-06,2e-07,5.9e-07,2e-08,4e-08,2e-08,2e-08
EXP17_Discoid,Discoid,18,0.0,0.32930125,0.05675268,0.53522711,0.06968538,0.00731858,0.0014727,0.00011735,2.886e-05,5.179e-05,1.271e-05,1.989e-05,4.19e-06,5.27e-06,1.02e-06,8.3e-07,1.7e-07,9e-08,3e-08,8e-08,2e-08
EXP18_Discoid,Discoid,16,0.0,0.7124659,0.15804636,0.10915997,0.01749077,0.00259637,0.00016712,2.684e-05,2.257e-05,6.84e-06,8.9e-06,2.52e-06,3.53e-06,8.6e-07,1.03e-06,2e-07,1.7e-07,2e-08,1e-08,0.0,1e-08
EXP19_Levallois preferential,Levallois preferential,27,0.0,0.47548748,0.29110947,0.2098534,0.01697922,0.0059772,0.00042854,7.305e-05,2.842e-05,3.121e-05,1.318e-05,1.074e-05,4.27e-06,2.45e-06,9.2e-07,2.7e-07,9e-08,1e-08,1e-08,4e-08,2e-08
EXP20_Cylindrical bidirectional,Bidirectional,11,0.0,0.4656131,0.24231386,0.22019466,0.06115329,0.01001137,0.00063385,4.159e-05,1.334e-05,1.131e-05,6.27e-06,3.5e-06,2.1e-06,9.5e-07,5.1e-07,1.9e-07,6e-08,4e-08,0.0,2e-08,1e-08
EXP21_Levallois preferential,Levallois preferential,37,0.0,0.6588546,0.27560933,0.0286482,0.03283548,0.00339275,0.00047168,9.692e-05,3.381e-05,2.656e-05,1.409e-05,7.93e-06,5.32e-06,1.48e-06,1.42e-06,1e-07,2.1e-07,3e-08,2e-08,5e-08,2e-08
EXP22_Cylindrical unidirectional,Unidirectional,24,0.0,0.60887931,0.23424135,0.12603969,0.02820606,0.00241295,0.00016961,3.907e-05,2.31e-06,6.06e-06,7.9e-07,1.88e-06,3.7e-07,3.4e-07,1.2e-07,3e-08,2e-08,1e-08,0.0,2e-08,0.0
EXP23_Cylindrical unidirectional,Unidirectional,27,0.0,0.56755438,0.28659075,0.11721452,0.02563322,0.00275338,0.00022371,2.662e-05,1.3e-06,1.45e-06,1e-07,4.2e-07,4e-08,7e-08,1e-08,1e-08,0.0,1e-08,0.0,1e-08,0.0
EXP24_Cylindrical unidirectional,Unidirectional,12,0.0,0.60624468,0.30289956,0.07737783,0.01207607,0.00125674,0.00011918,2.16e-05,2.19e-06,1.23e-06,3.5e-07,3.2e-07,1.5e-07,3e-08,4e-08,0.0,1e-08,1e-08,0.0,1e-08,0.0
EXP25_Levallois Nubian,Levallois preferential,24,0.0,0.80547241,0.10685278,0.0598171,0.02170502,0.00563632,0.00016931,0.00022254,9.16e-06,7.995e-05,3.85e-06,2.406e-05,2.1e-06,3.98e-06,7.8e-07,1.2e-07,1.6e-07,1.4e-07,1e-08,2.1e-07,0.0
EXP26_Levallois recurrent,Levallois recurrent,21,0.0,0.76683263,0.18726279,0.03256071,0.00967524,0.00329345,0.00024597,8.034e-05,1.274e-05,2.102e-05,5.03e-06,5.96e-06,2.22e-06,9.1e-07,7e-07,3e-08,1.2e-07,5e-08,1e-08,6e-08,1e-08
EXP27_Levallois convergent,Levallois convergent,22,0.0,0.80311769,0.10776696,0.0523906,0.03118813,0.0048882,0.0002514,0.00024663,2.76e-05,7.891e-05,9.62e-06,2.43e-05,3.62e-06,4.62e-06,1e-06,3e-07,1.6e-07,9e-08,1e-08,1.7e-07,1e-08
EXP28_Levallois convergent,Levallois convergent,21,0.0,0.8173977,0.15538988,0.0115774,0.01256813,0.00274861,0.00021192,5.67e-05,4.49e-06,3.013e-05,2.78e-06,8.44e-06,1.64e-06,1.23e-06,6.2e-07,3e-08,1.2e-07,8e-08,1e-08,9e-08,0.0
EXP29_Levallois preferential,Levallois preferential,35,0.0,0.72440298,0.21659349,0.03365356,0.02345758,0.00159757,0.00024275,2.353e-05,1.1e-05,7.19e-06,5.04e-06,2.05e-06,2.01e-06,4.2e-07,5.5e-07,9e-08,8e-08,5e-08,1e-08,3e-08,1e-08
EXP30_Levallois Nubian,Levallois preferential,29,0.0,0.81452106,0.13014058,0.03891476,0.01344623,0.00267,0.00017666,7.413e-05,1.433e-05,2.548e-05,5.44e-06,7.82e-06,1.6e-06,1.39e-06,2.8e-07,9e-08,1e-08,5e-08,1e-08,7e-08,1e-08
EXP31_Levallois laminar,Levallois laminar,32,0.0,0.42708194,0.46166594,0.08316111,0.02418447,0.00318823,0.00048254,9.006e-05,6.871e-05,2.854e-05,2.539e-05,9.29e-06,8.96e-06,1.95e-06,2.21e-06,1.9e-07,2.9e-07,3e-08,3e-08,5e-08,4e-08
EXP32_Conical unidirectional,Unidirectional,16,0.0,0.44910184,0.46666557,0.0437437,0.03723447,0.00285829,0.00035167,2.729e-05,5.35e-06,6.02e-06,2.54e-06,1.81e-06,8.2e-07,3.6e-07,1.7e-07,4e-08,2e-08,1e-08,0.0,1e-08,1e-08
EXP33_Cylindrical bidirectional,Bidirectional,15,0.0,0.17171643,0.73151813,0.04672579,0.04582301,0.00348199,0.00068632,3.721e-05,5.4e-06,2.55e-06,1.31e-06,7.2e-07,7.3e-07,1.1e-07,2.5e-07,1e-08,4e-08,1e-08,0.0,1e-08,0.0
EXP34_Multiplatform,Multiplatform,12,0.0,0.65236882,0.17114882,0.1266932,0.04676347,0.002792,0.00021143,1.416e-05,2.58e-06,2.05e-06,1.15e-06,1.14e-06,3.8e-07,5e-07,9e-08,1.6e-07,1e-08,3e-08,0.0,0.0,0.0
EXP35_Levallois laminar,Levallois laminar,16,0.0,0.63444965,0.16762553,0.14664545,0.04628787,0.00438522,0.00047491,6.738e-05,1.325e-05,3.052e-05,5.28e-06,1.025e-05,1.53e-06,2.37e-06,2.7e-07,3.3e-07,2e-08,7e-08,1e-08,6e-08,1e-08
EXP36_Conical unidirectional,Unidirectional,25,0.0,0.61310487,0.28116954,0.08771548,0.01622525,0.00163161,0.00012724,2.094e-05,1.67e-06,2.06e-06,4.3e-07,5.4e-07,2.1e-07,6e-08,7e-08,0.0,1e-08,1e-08,0.0,1e-08,0.0
EXP37_Conical unidirectional,Unidirectional,19,0.0,0.66050869,0.2151269,0.10214739,0.02015362,0.00187604,0.00016089,1.99e-05,1.23e-06,3.15e-06,6.9e-07,8e-07,4.1e-07,1e-07,1.4e-07,1e-08,3e-08,2e-08,0.0,1e-08,0.0
EXP38_Multiplatform,Multiplatform,17,0.0,0.48531937,0.10266431,0.29139822,0.09830928,0.01927938,0.00166314,0.00078693,0.0001325,0.00024724,7.468e-05,7.873e-05,2.393e-05,1.492e-05,5.13e-06,8.1e-07,5.3e-07,1.9e-07,7e-08,5.1e-07,1.1e-07
EXP39_Multiplatform,Multiplatform,25,0.0,0.749899,0.14821757,0.0619059,0.03651487,0.00303108,0.00023627,0.00010538,1.376e-05,4.766e-05,6.55e-06,1.421e-05,3.46e-06,2.43e-06,1.25e-06,1.2e-07,2.5e-07,9e-08,2e-08,1.2e-07,1e-08
EXP40_Conical unidirectional,Unidirectional,24,0.0,0.55259239,0.28534446,0.14245336,0.01750262,0.00194593,0.0001398,1.036e-05,6.03e-06,1.16e-06,2.24e-06,4.1e-07,8.2e-07,1.4e-07,2e-07,4e-08,3e-08,1e-08,0.0,0.0,0.0
EXP41_Subconical unidirectional,Unidirectional,11,0.0,0.51391976,0.33663747,0.12719862,0.01795461,0.00388439,0.00033757,4.311e-05,4.82e-06,1.159e-05,2.43e-06,3.38e-06,1.09e-06,6.3e-07,3.5e-07,6e-08,6e-08,3e-08,0.0,3e-08,0.0
EXP42_Multiplatform,Multiplatform,16,0.0,0.64074612,0.15731564,0.17002369,0.02889066,0.0026465,0.00033325,2.714e-05,6.46e-06,4.71e-06,2.44e-06,1.82e-06,6.7e-07,6e-07,1.1e-07,1.4e-07,0.0,2e-08,0.0,0.0,1e-08
EXP43_Biface,Biface,19,0.0,0.34460069,0.46058323,0.13087354,0.05002093,0.01325181,0.00042883,0.00011545,5.115e-05,3.13e-05,2.112e-05,1.037e-05,6.96e-06,2.49e-06,1.55e-06,3.2e-07,1.7e-07,2e-08,2e-08,3e-08,4e-08
EXP44_Multiplatform,Multiplatform,14,0.0,0.30704618,0.404845,0.25158867,0.03030991,0.00549836,0.00066195,3.076e-05,9.93e-06,3.11e-06,3.32e-06,9.4e-07,1.2e-06,2.6e-07,3e-07,4e-08,4e-08,0.0,1e-08,0.0,1e-08
EXP45_Conical unidirectional,Unidirectional,19,0.0,0.56185353,0.32168917,0.09712011,0.01732697,0.00185307,0.00013501,1.778e-05,1.99e-06,1.35e-06,4e-07,3.5e-07,1.6e-07,3e-08,4e-08,0.0,1e-08,1e-08,0.0,1e-08,0.0
EXP46_Conical unidirectional,Unidirectional,19,0.0,0.60614151,0.30294409,0.0776892,0.01193841,0.00116752,9.576e-05,1.755e-05,1.98e-06,2.42e-06,5.6e-07,6e-07,2.3e-07,6e-08,7e-08,0.0,1e-08,1e-08,0.0,1e-08,0.0
EXP47_Conical bidirectional,Bidirectional,13,0.0,0.48811757,0.32047411,0.14184988,0.04583933,0.00322891,0.00045557,2.903e-05,2.84e-06,9.4e-07,8.7e-07,2.5e-07,4.5e-07,6e-08,1.5e-07,1e-08,2e-08,1e-08,0.0,0.0,0.0
EXP48_Multiplatform,Multiplatform,17,0.0,0.62212789,0.23665157,0.11799031,0.01975328,0.00296833,0.00041652,6.951e-05,3.01e-06,1.363e-05,6.6e-07,4.17e-06,2.2e-07,7.3e-07,5e-08,5e-08,1e-08,3e-08,0.0,4e-08,0.0
EXP49_Discoid,Discoid,12,0.0,0.53584156,0.24056948,0.17513607,0.03638293,0.01086493,0.00103396,7.861e-05,5.462e-05,6.63e-06,1.941e-05,2.23e-06,6.8e-06,6.1e-07,1.69e-06,1.4e-07,2.3e-07,4e-08,1e-08,2e-08,2e-08
EXP50_Multiplatform,Multiplatform,13,0.0,0.64233806,0.12209475,0.1888723,0.043296,0.00270166,0.00041239,0.00017647,1.15e-05,6.47e-05,3.79e-06,2.134e-05,1.32e-06,4.65e-06,3.5e-07,4.8e-07,6e-08,6e-08,1e-08,1e-07,0.0
EXP51_Conical unidirectional,Unidirectional,15,0.0,0.5737716,0.29802171,0.11230163,0.01426422,0.00148872,0.00013076,1.467e-05,1.47e-06,3.11e-06,7.6e-07,7.5e-07,3.4e-07,9e-08,1e-07,0.0,2e-08,2e-08,0.0,1e-08,0.0
EXP52_Levallois preferential,Levallois preferential,26,0.0,0.66546695,0.19539954,0.12110224,0.01634215,0.00135167,0.00028281,2.366e-05,1.1e-05,7.19e-06,4.99e-06,3.94e-06,1.47e-06,1.61e-06,2.5e-07,4.4e-07,1e-08,6e-08,1e-08,0.0,1e-08
EXP53_Levallois recurrent,Levallois recurrent,14,0.0,0.63059637,0.17621724,0.15794778,0.03145479,0.00342103,0.00029438,2.746e-05,2.216e-05,3.83e-06,9.34e-06,1.63e-06,2.72e-06,5.7e-07,4.6e-07,1.5e-07,2e-08,3e-08,1e-08,1e-08,2e-08
EXP54_Multiplatform,Multiplatform,10,0.0,0.54166706,0.1165255,0.30768312,0.03179748,0.00156335,0.00060817,9.985e-05,2.129e-05,1.496e-05,7.88e-06,5.43e-06,3.08e-06,1.47e-06,8.6e-07,2.7e-07,1.4e-07,4e-08,1e-08,2e-08,1e-08
EXP55_Multiplatform,Multiplatform,11,0.0,0.59163778,0.29001457,0.09059956,0.02432186,0.00308443,0.00026204,5.67e-05,6.53e-06,1.001e-05,2.14e-06,2.88e-06,7.6e-07,4.6e-07,1.9e-07,1e-08,2e-08,2e-08,0.0,3e-08,0.0
EXP56_Multiplatform,Multiplatform,15,0.0,0.50990017,0.31566682,0.15504231,0.01785983,0.00127056,0.00020296,3.428e-05,6.94e-06,8.7e-06,2.93e-06,2.59e-06,1.03e-06,5e-07,2.5e-07,4e-08,3e-08,1e-08,0.0,2e-08,0.0
EXP57_Conical bidirectional,Bidirectional,14,0.0,0.39962404,0.37789177,0.18271281,0.03600022,0.00339823,0.00032857,2.511e-05,9.27e-06,3.52e-06,3.42e-06,1.15e-06,1.19e-06,3.1e-07,2.8e-07,5e-08,3e-08,0.0,0.0,0.0,1e-08
EXP58_Conical unidirectional,Unidirectional,16,0.0,0.61538598,0.17697672,0.15748066,0.04600022,0.00389351,0.00018593,4.937e-05,3.88e-06,1.496e-05,1.55e-06,5.1e-06,4.7e-07,1.27e-06,1e-07,2e-07,1e-08,4e-08,0.0,3e-08,0.0
EXP59_Subconical unidirectional,Unidirectional,26,0.0,0.47590535,0.31903038,0.16956054,0.0315332,0.00358177,0.00033205,3.784e-05,6.21e-06,5.25e-06,2.95e-06,1.69e-06,1.62e-06,3.8e-07,5.8e-07,5e-08,1.1e-07,1e-08,1e-08,1e-08,0.0
IM_Levallois_convergent,Levallois_convergent,24,0.0,0.40732806,0.54967176,0.02288096,0.01448426,0.00501379,0.00041984,0.00015244,1.573e-05,4.37e-06,1.308e-05,2.86e-06,7.81e-06,1.15e-06,2.9e-06,3.2e-07,5.8e-07,5e-08,3e-08,1e-08,2e-08
IM_Levallois_laminar,Levallois_laminar,25,0.0,0.35547948,0.57454943,0.04495319,0.01779937,0.00649828,0.00055001,0.00013281,1.282e-05,1.83e-06,1.038e-05,1.69e-06,6.56e-06,8.2e-07,2.5e-06,2.6e-07,5e-07,4e-08,2e-08,0.0,1e-08
IM_Levallois_preferential,Levallois_preferential,24,0.0,0.39046902,0.58133686,0.01028606,0.01192131,0.00527854,0.00051628,0.00014686,1.203e-05,1.95e-06,1.438e-05,2e-06,9.09e-06,9.9e-07,3.49e-06,3.2e-07,7.1e-07,5e-08,3e-08,0.0,2e-08
IM_Multiplatform,multifacial,6,0.0,0.00198722,0.00750905,0.002216,0.98001491,0.00018567,0.00691611,8.67e-06,0.00081295,1.62e-06,0.00024009,5e-07,8.2e-05,1.1e-07,2.15e-05,1e-08,3.24e-06,0.0,1.5e-07,0.0,1.9e-07
IM_biface,biface,24,0.0,0.01494035,0.95201694,0.02403436,0.00812366,0.00059418,0.00027853,1.08e-06,9.3e-07,5e-08,5.41e-06,1e-08,3.13e-06,0.0,1.14e-06,0.0,2.1e-07,0.0,1e-08,0.0,1e-08
IM_conical_unipolar_cortical,conical_unipolar_cortical,12,0.0,0.56494242,0.3218162,0.09538485,0.01619833,0.00155309,8.948e-05,1.098e-05,1.41e-06,1.9e-06,5.4e-07,4.5e-07,2.1e-07,4e-08,5e-08,0.0,1e-08,1e-08,0.0,1e-08,0.0
IM_conical_unipolar_scarred,conical_unipolar_scarred,13,0.0,0.58018204,0.30192969,0.09822513,0.017936,0.00161979,9.121e-05,1.159e-05,1.24e-06,1.95e-06,5.4e-07,4.6e-07,2.1e-07,5e-08,6e-08,0.0,1e-08,1e-08,0.0,1e-08,0.0
IM_cylindrical_bipolar,cylindrical_bipolar,12,0.0,4.4e-07,0.92073183,6.3e-07,0.07794779,6e-08,0.00130653,0.0,1.162e-05,0.0,7.2e-07,0.0,3e-07,0.0,7e-08,0.0,1e-08,0.0,0.0,0.0,0.0
IM_cylindrical_unipolar_cortical,cylindrical_unipolar_cortical,12,0.0,0.51053691,0.33396156,0.12238611,0.02827141,0.00431567,0.00047384,4.887e-05,4.21e-06,7.9e-07,2.6e-07,1.9e-07,1.1e-07,2e-08,3e-08,0.0,0.0,1e-08,0.0,0.0,0.0
IM_cylindrical_unipolar_scarred,cylindrical_unipolar_scarred,13,0.0,0.52360819,0.31540163,0.12553872,0.03049809,0.00442601,0.00047163,5.013e-05,4.15e-06,8.1e-07,2.6e-07,2e-07,1.1e-07,2e-08,3e-08,0.0,0.0,1e-08,0.0,0.0,0.0
IM_discoid,bifacial_discoid,16,0.0,0.0012397,0.84422793,4.762e-05,0.14897012,1.913e-05,0.00537375,4.5e-07,2.731e-05,1e-08,4.732e-05,0.0,3.159e-05,0.0,1.234e-05,0.0,2.55e-06,0.0,1.2e-07,0.0,5e-08
IM_discoid_unifacial,unifacial_discoid,8,0.0,0.74242734,0.0721667,0.17258807,0.01157771,0.00076665,0.00043774,1.804e-05,2.17e-06,2.82e-06,3.82e-06,3.11e-06,2.54e-06,1.57e-06,9.9e-07,4.7e-07,2e-07,6e-08,1e-08,0.0,0.0
SDG_L2_489,,4,0.0,0.59071425,0.25868382,0.12210516,0.02565027,0.00256897,0.00024558,2.76e-05,2e-06,1.37e-06,3.6e-07,3.3e-07,1.8e-07,3e-08,5e-08,0.0,1e-08,1e-08,0.0,1e-08,0.0
SDG_L2_494,,5,0.0,0.56404435,0.31904629,0.09648449,0.01799641,0.00219128,0.00020617,2.671e-05,2.63e-06,9.3e-07,3e-07,2.4e-07,1.3e-07,2e-08,3e-08,0.0,0.0,1e-08,0.0,0.0,0.0
SDG_L3_1066,,12,0.0,0.74270911,0.20558575,0.04081916,0.00942758,0.00129606,0.00012131,2.699e-05,2.06e-06,7.83e-06,1.07e-06,2.07e-06,4.8e-07,2.8e-07,1.5e-07,1e-08,3e-08,3e-08,0.0,3e-08,0.0
SDG_L3_1163,,6,0.0,0.56193513,0.29338313,0.12122315,0.01959742,0.00352233,0.00030272,3.128e-05,3.15e-06,8.8e-07,2.9e-07,2.3e-07,1.8e-07,2e-08,6e-08,0.0,1e-08,1e-08,0.0,0.0,0.0
SDG_L3_1191,,6,0.0,0.69519318,0.23458444,0.05732154,0.01141724,0.00132866,0.00012976,1.646e-05,1.32e-06,4.78e-06,8.5e-07,1.1e-06,3.8e-07,1.2e-07,1.2e-07,0.0,2e-08,2e-08,0.0,2e-08,0.0
SDG_L3_1318,,9,0.0,0.34927222,0.54071633,0.03882855,0.06710759,0.00303312,0.00084931,0.00011955,1.986e-05,3.141e-05,7.17e-06,1.002e-05,2.15e-06,2.03e-06,3.9e-07,1.7e-07,2e-08,3e-08,1e-08,6e-08,1e-08
SDG_L3_1416,,11,0.0,0.80926824,0.14967599,0.03476902,0.0050076,0.00101365,0.00017386,6.371e-05,4.57e-06,1.518e-05,1.9e-06,4.32e-06,9e-07,6.1e-07,2.9e-07,1e-08,5e-08,5e-08,0.0,5e-08,0.0
SDG_L3_1437,,8,0.0,0.68221859,0.09455381,0.17130576,0.04701633,0.00409027,0.00067411,7.973e-05,2.842e-05,1.252e-05,1.09e-05,3.89e-06,3.67e-06,8.2e-07,8.7e-07,1.1e-07,1.1e-07,4e-08,1e-08,3e-08,2e-08
SDG_L3_1492,,12,0.0,0.68018563,0.25469222,0.05419047,0.00975207,0.00096775,0.00014116,4.632e-05,3.53e-06,1.366e-05,1.75e-06,3.69e-06,8.3e-07,5.3e-07,2.6e-07,1e-08,4e-08,4e-08,0.0,4e-08,0.0
SDG_L3_1547,,10,0.0,0.5671372,0.31365801,0.07471372,0.04097571,0.00314443,0.00028534,5.261e-05,5.73e-06,1.676e-05,2.81e-06,4.71e-06,1.48e-06,7.5e-07,5.1e-07,4e-08,9e-08,5e-08,0.0,5e-08,0.0
SDG_L3_155,,15,0.0,0.46490667,0.42438727,0.08024633,0.02882199,0.00124952,0.00036489,1.613e-05,2.53e-06,2.36e-06,9.4e-07,6.1e-07,4.8e-07,7e-08,1.6e-07,0.0,2e-08,1e-08,0.0,1e-08,0.0
SDG_L3_1677,,8,0.0,0.75709153,0.16434289,0.06380593,0.01359459,0.00099881,7.699e-05,4.693e-05,9.72e-06,1.854e-05,4.32e-06,6.42e-06,1.32e-06,1.46e-06,2.5e-07,1.9e-07,2e-08,4e-08,1e-08,4e-08,1e-08
SDG_L3_1748,,7,0.0,0.73382271,0.15541738,0.08452695,0.02386681,0.00220281,0.00012848,2.255e-05,2e-06,6.76e-06,9.4e-07,1.64e-06,5.1e-07,1.9e-07,1.8e-07,1e-08,3e-08,3e-08,0.0,2e-08,0.0
SDG_L3_188,,7,0.0,0.64926351,0.28738387,0.05752586,0.00547952,0.00027492,4.876e-05,1.507e-05,1.86e-06,4.13e-06,9.3e-07,9.6e-07,3.6e-07,1e-07,1e-07,0.0,1e-08,2e-08,0.0,2e-08,0.0
SDG_L3_303,,10,0.0,0.18606759,0.69184607,0.08771334,0.03148575,0.00239872,0.00045955,2.113e-05,5.72e-06,6.8e-07,7.8e-07,1.5e-07,3.6e-07,2e-08,1e-07,0.0,1e-08,0.0,0.0,0.0,0.0
SDG_L3_434,,6,0.0,0.67897075,0.2471572,0.05558969,0.01462976,0.00313865,0.00041616,7.413e-05,6.68e-06,1.063e-05,1.77e-06,3.17e-06,6.8e-07,4.5e-07,1.8e-07,1e-08,3e-08,3e-08,0.0,4e-08,0.0
SDG_L3_55,,6,0.0,0.48731353,0.38796915,0.09408092,0.02688495,0.00348233,0.00024372,1.942e-05,2.22e-06,1.84e-06,8.7e-07,4.4e-07,3.9e-07,7e-08,1.2e-07,1e-08,2e-08,1e-08,0.0,1e-08,0.0
SDG_L3_636,,9,0.0,0.7254656,0.19232895,0.05144188,0.02737585,0.00302622,0.00027877,5.366e-05,4.94e-06,1.4e-05,2.27e-06,5.17e-06,7.9e-07,1.34e-06,2e-07,2.4e-07,3e-08,5e-08,1e-08,3e-08,0.0
SDG_L3_645,,3,0.0,0.65893591,0.26201597,0.06210523,0.01410376,0.00249852,0.00030161,3.438e-05,2.21e-06,1.42e-06,3.6e-07,3.5e-07,1.7e-07,3e-08,5e-08,0.0,1e-08,1e-08,0.0,1e-08,0.0
SDG_L3_804,,6,0.0,0.29102174,0.58903379,0.09281088,0.02495922,0.00195588,0.00019331,1.869e-05,2.79e-06,1.61e-06,1.07e-06,3.4e-07,4.5e-07,5e-08,1.3e-07,1e-08,2e-08,1e-08,0.0,1e-08,0.0
SDG_L3_890,,4,0.0,0.68699225,0.24892578,0.05114699,0.010739,0.00191612,0.00024248,2.834e-05,2.05e-06,4.34e-06,9.4e-07,1.04e-06,3.8e-07,1.1e-07,1.1e-07,0.0,2e-08,2e-08,0.0,2e-08,0.0
SDG_L3_978,,7,0.0,0.71104182,0.2304202,0.02938905,0.02417486,0.00410091,0.00069727,0.00012877,1.19e-05,2.124e-05,4.36e-06,6.35e-06,1.6e-06,1.03e-06,4.1e-07,4e-08,6e-08,5e-08,1e-08,6e-08,1e-08
SDG_L4_1788,,6,0.0,0.50579083,0.36337625,0.11815797,0.01077551,0.00172797,0.00015403,8.61e-06,2.07e-06,4.03e-06,1.12e-06,9e-07,4.3e-07,1e-07,1.2e-07,1e-08,2e-08,2e-08,0.0,1e-08,0.0
SDG_L4_1884,,7,0.0,0.83011511,0.12189421,0.0332766,0.01234536,0.0019779,0.0002178,0.00012211,8.93e-06,2.782e-05,2.83e-06,8.35e-06,1.1e-06,1.33e-06,3.2e-07,4e-08,5e-08,6e-08,0.0,8e-08,0.0
SDG_L4_1916,,12,0.0,0.30695568,0.59657703,0.07328044,0.01915557,0.00344705,0.00051263,3.498e-05,1.664e-05,8.86e-06,5.22e-06,2.62e-06,2.07e-06,4.6e-07,5.7e-07,3e-08,9e-08,2e-08,1e-08,2e-08,1e-08
SDG_L4_1951,,7,0.0,0.72084852,0.21490686,0.05211659,0.01088293,0.00111728,0.00010281,1.929e-05,1.22e-06,2.86e-06,5.1e-07,6.8e-07,2.6e-07,7e-08,9e-08,0.0,1e-08,2e-08,0.0,1e-08,0.0
SDG_L4_2001,,4,0.0,0.66800906,0.2521706,0.06529811,0.01279607,0.00150811,0.00018185,3.203e-05,2.32e-06,1.06e-06,2.7e-07,2.8e-07,1.4e-07,2e-08,4e-08,0.0,1e-08,1e-08,0.0,1e-08,0.0
SDG_L4_2004,,9,0.0,0.21555628,0.70091293,0.04699359,0.0318502,0.00420498,0.00039678,6.235e-05,5.24e-06,9.98e-06,2.58e-06,2.8e-06,1.27e-06,4.5e-07,4.2e-07,2e-08,7e-08,2e-08,0.0,3e-08,0.0
SDG_L4_2158,,20,0.0,0.7745688,0.1914461,0.02765977,0.00542255,0.00062923,9.745e-05,0.00011602,2.9e-06,4.084e-05,1.08e-06,1.233e-05,4.3e-07,2.15e-06,1.2e-07,9e-08,2e-08,5e-08,0.0,9e-08,0.0
SDG_L4_2164,,6,0.0,0.19977005,0.68109559,0.08670404,0.02825994,0.00403426,9.667e-05,3.321e-05,3.16e-06,9.8e-07,1.19e-06,2.5e-07,4.6e-07,5e-08,1.2e-07,1e-08,2e-08,0.0,0.0,0.0,0.0
SDG_L4_2165,,6,0.0,0.04940004,0.7359721,0.19476116,0.01364566,0.00577596,0.00040478,2.692e-05,5.88e-06,1.94e-06,3.1e-06,5.6e-07,1.29e-06,1.3e-07,3.8e-07,2e-08,6e-08,0.0,0.0,0.0,1e-08
SDG_L4_2182,,13,0.0,0.62911735,0.29596236,0.06645656,0.00791731,0.00049147,3.594e-05,1.293e-05,1.62e-06,2.71e-06,6.6e-07,6.4e-07,2.6e-07,6e-08,7e-08,0.0,1e-08,2e-08,0.0,1e-08,0.0
SDG_L4_2213,,5,0.0,0.37364544,0.46616822,0.13805181,0.01908584,0.00283208,0.00018469,2.575e-05,3.82e-06,1.07e-06,6e-07,2.4e-07,2.9e-07,3e-08,9e-08,1e-08,1e-08,1e-08,0.0,0.0,0.0
SDG_L4_2292,,5,0.0,0.23808605,0.60781256,0.12190579,0.02749139,0.00438481,0.00027879,3.376e-05,3.34e-06,1.1e-06,1.25e-06,3.4e-07,5.3e-07,1e-07,1.5e-07,2e-08,2e-08,0.0,0.0,0.0,0.0
SDG_L4_2389,,16,0.0,0.48619573,0.37610142,0.12199699,0.01288133,0.00259802,0.00015685,4.484e-05,5.71e-06,1.073e-05,2.93e-06,3.11e-06,1.28e-06,5.2e-07,3.9e-07,3e-08,6e-08,3e-08,0.0,3e-08,1e-08
SDG_L4_2527,,8,0.0,0.62272557,0.27789872,0.08404042,0.01389294,0.00131479,0.00010581,1.706e-05,1.67e-06,1.8e-06,4.6e-07,4.3e-07,2e-07,4e-08,6e-08,0.0,1e-08,1e-08,0.0,1e-08,0.0
SDG_L4_2733,,8,0.0,0.44232041,0.48559735,0.05576712,0.01417903,0.00154944,0.00043105,0.00010948,1.928e-05,1.292e-05,6.14e-06,3.99e-06,2.16e-06,8.5e-07,5.3e-07,1e-07,7e-08,2e-08,1e-08,2e-08,1e-08
SDG_L4_2818,,10,0.0,0.66824098,0.26010538,0.06214811,0.00867447,0.00066507,0.00012268,3.471e-05,3.24e-06,3.23e-06,7.2e-07,8.7e-07,3.1e-07,1e-07,9e-08,0.0,1e-08,2e-08,0.0,1e-08,0.0
SDG_L4_3095,,6,0.0,0.67073721,0.25508852,0.06478661,0.00761189,0.00158376,0.00015852,2.623e-05,2.37e-06,2.89e-06,7.1e-07,7.2e-07,3.4e-07,8e-08,1e-07,0.0,2e-08,2e-08,0.0,1e-08,0.0
SDG_L4_3155,,9,0.0,0.65129165,0.26505843,0.07072596,0.01181624,0.00099891,7.937e-05,1.633e-05,2.38e-06,6.67e-06,1.4e-06,1.67e-06,5.5e-07,2e-07,1.5e-07,1e-08,2e-08,3e-08,0.0,2e-08,0.0
SDG_L4_3192,,6,0.0,0.69997821,0.17944672,0.08805718,0.02900219,0.00316391,0.00021427,7.101e-05,1.68e-05,2.826e-05,7.43e-06,9.21e-06,2.19e-06,1.92e-06,3.9e-07,1.8e-07,2e-08,4e-08,1e-08,5e-08,1e-08
SDG_L4_3283,,10,0.0,0.72338525,0.17390751,0.08182603,0.01886452,0.00179058,0.00014428,4.113e-05,8.49e-06,2.075e-05,3.23e-06,5.82e-06,1.02e-06,1.02e-06,2.1e-07,6e-08,2e-08,4e-08,0.0,5e-08,1e-08
SDG_L4_3341,,16,0.0,0.60456441,0.30349567,0.07856154,0.01216488,0.0011196,7.495e-05,1.487e-05,1.68e-06,1.39e-06,3.9e-07,3.5e-07,1.7e-07,3e-08,5e-08,0.0,1e-08,1e-08,0.0,1e-08,0.0
SDG_L4_3342,,8,0.0,0.79649528,0.12552821,0.05165037,0.02007117,0.00581248,0.00026562,9.046e-05,3.289e-05,2.35e-05,1.454e-05,7.97e-06,4.32e-06,1.91e-06,7.8e-07,3e-07,4e-08,6e-08,1e-08,5e-08,3e-08
SDG_L4_3506,,16,0.0,0.74221304,0.03663482,0.18804112,0.029587,0.00304388,0.00026672,5.723e-05,4.866e-05,4.946e-05,2.366e-05,1.9e-05,7.42e-06,5.28e-06,1.48e-06,9e-07,1.3e-07,8e-08,3e-08,6e-08,4e-08
SDG_L4_3513,,21,0.0,0.70232606,0.22817009,0.05824794,0.01023003,0.00091047,7.502e-05,2.614e-05,2.81e-06,7.21e-06,1.29e-06,1.92e-06,5.2e-07,2.4e-07,1.5e-07,0.0,2e-08,3e-08,0.0,3e-08,0.0
SDG_L4_3821,,6,0.0,0.21603715,0.47631367,0.2670716,0.02638637,0.01304053,0.0010307,7.134e-05,1.592e-05,1.82e-05,5.4e-06,5.07e-06,2.21e-06,9.4e-07,6.3e-07,7e-08,1e-07,3e-08,1e-08,4e-08,1e-08
SDG_L4_3952,,3,0.0,0.4225364,0.34935003,0.19766604,0.02600068,0.00382486,0.00058431,3.218e-05,3.07e-06,1.35e-06,4.5e-07,2.8e-07,2.1e-07,3e-08,6e-08,0.0,1e-08,1e-08,0.0,0.0,0.0
SDG_L4_3971,,7,0.0,0.68103296,0.25180118,0.05517033,0.01050923,0.00133551,0.00012575,2.059e-05,1.52e-06,1.78e-06,4e-07,4.4e-07,1.9e-07,4e-08,6e-08,0.0,1e-08,1e-08,0.0,1e-08,0.0
SDG_L4_4262,,7,0.0,0.60531065,0.15485397,0.17087835,0.06042907,0.00754828,0.00066647,0.00016512,5.873e-05,3.896e-05,2.415e-05,1.399e-05,7.15e-06,3.27e-06,1.28e-06,3.7e-07,7e-08,1e-08,3e-08,5e-08,5e-08
SDG_L4_4386,,7,0.0,0.75705611,0.1918899,0.04034043,0.0087512,0.00166267,0.00025668,3.14e-05,1.86e-06,6.26e-06,1.03e-06,1.57e-06,4.7e-07,1.8e-07,1.5e-07,0.0,2e-08,3e-08,0.0,2e-08,0.0
SDG_L4_4460,,8,0.0,0.61576556,0.30093057,0.07258502,0.00986784,0.00077182,5.882e-05,1.559e-05,1.8e-06,1.77e-06,4.7e-07,4.2e-07,1.9e-07,4e-08,5e-08,0.0,1e-08,1e-08,0.0,1e-08,0.0
SDG_L4_4583,,7,0.0,0.69638402,0.21749227,0.07366261,0.01105276,0.00116409,0.00020984,2.54e-05,1.35e-06,4.78e-06,9.6e-07,1.14e-06,4.3e-07,1.3e-07,1.4e-07,1e-08,2e-08,2e-08,0.0,2e-08,0.0
SDG_L4_4604,,26,0.0,0.44233735,0.34800344,0.18558644,0.01937882,0.00424791,0.00036491,4.875e-05,1.088e-05,8.79e-06,5.86e-06,3.53e-06,1.71e-06,1.05e-06,3.1e-07,2e-07,2e-08,2e-08,1e-08,1e-08,1e-08
SDG_L4_4858,,27,0.0,0.61372577,0.29454316,0.07467658,0.01458501,0.00223548,0.0001673,3.82e-05,5.72e-06,1.365e-05,2.64e-06,3.98e-06,1.23e-06,6.8e-07,4e-07,5e-08,7e-08,3e-08,0.0,4e-08,0.0
