w,R2,pseudo_F,p,n_pairs,n_sig_pairs_holm_05,n_sig_pairs_holm_01,n_sig_pairs_raw_05,median_neglog10_p_raw,n_pairs_at_p_floor,p_raw_Unidirectional_Bidirectional,p_raw_Unidirectional_Levallois,p_raw_Unidirectional_Discoid,p_raw_Unidirectional_Multiplatform,p_raw_Bidirectional_Levallois,p_raw_Bidirectional_Discoid,p_raw_Bidirectional_Multiplatform,p_raw_Levallois_Discoid,p_raw_Levallois_Multiplatform,p_raw_Discoid_Multiplatform
0,0.30173786937348374,5.72568179461691,1e-4,10,8,5,8,2.840968332518619,0,2e-4,0.0162,4e-4,4e-4,2e-4,0.3802,0.0034,8e-4,0.0026,0.1848
0.05,0.2928179599103358,5.486335552752472,1e-4,10,8,5,8,2.858349385648225,0,2e-4,0.0108,4e-4,4e-4,2e-4,0.3602,0.0034,8e-4,0.0024,0.1829
0.1,0.2838980504471879,5.252952000443926,1e-4,10,8,6,8,2.933230545814891,0,2e-4,0.0073,4e-4,4e-4,2e-4,0.3477,0.0026,8e-4,0.0017,0.1822
0.15,0.2749781409840401,5.02531106163287,1e-4,10,8,6,8,2.975390988664909,0,2e-4,0.0048,4e-4,4e-4,2e-4,0.3262,0.0025,8e-4,0.0014,0.1836
0.2,0.26605823152089225,4.803203358976252,1e-4,10,8,8,8,2.9914833303506096,0,2e-4,0.003,4e-4,5e-4,2e-4,0.2967,0.0024,8e-4,0.0013,0.1802
0.25,0.2571383220577444,4.586429571522402,1e-4,10,8,8,8,3.1883753548010496,0,2e-4,0.0021,4e-4,5e-4,2e-4,0.2841,0.0024,7e-4,6e-4,0.1816
0.3,0.24821841259459645,4.3747998381142095,1e-4,10,8,8,8,3.1259059864968997,0,2e-4,0.0018,4e-4,8e-4,2e-4,0.262,0.0025,7e-4,5e-4,0.1837
0.35,0.23929850313144863,4.168133202766115,1e-4,10,8,8,8,3.090228032229066,0,2e-4,0.0014,4e-4,0.0011,2e-4,0.2364,0.0025,6e-4,6e-4,0.1876
0.4,0.23037859366830069,3.9662570986095704,1e-4,10,8,8,8,3.037860356969059,0,2e-4,0.0014,4e-4,0.0018,2e-4,0.2128,0.0025,6e-4,6e-4,0.1872
0.45,0.22145868420515286,3.7690068673137667,1e-4,10,8,7,8,2.975390988664909,0,5e-4,0.0016,4e-4,0.0047,2e-4,0.1995,0.0024,7e-4,6e-4,0.1886
0.5,0.212538774742005,3.5762253111687077,1e-4,10,8,7,8,2.9090782060276137,0,7e-4,0.0019,5e-4,0.0105,2e-4,0.1831,0.0019,8e-4,5e-4,0.1916
0.55,0.20361886527885703,3.3877622752698135,1e-4,10,7,6,8,2.8516674048692345,0,0.0011,0.0025,8e-4,0.0199,2e-4,0.1619,0.0018,9e-4,8e-4,0.2006
0.6,0.19469895581570917,3.2034742574700736,1e-4,10,7,1,8,2.546832479097455,0,0.0026,0.0031,0.0038,0.0428,7e-4,0.1476,0.0024,0.0016,0.0014,0.2054
0.61,0.19291497392307963,3.1671054745069562,1e-4,10,7,0,8,2.530240373690691,0,0.0029,0.003,0.0051,0.0486,0.001,0.1476,0.0024,0.0021,0.0016,0.2052
0.62,0.19113099203044998,3.1308971161604915,1e-4,10,7,0,7,2.4438651157913647,0,0.0037,0.0035,0.0067,0.0567,0.0012,0.1411,0.0023,0.0022,0.0018,0.2067
0.63,0.1893470101378204,3.0948481233044642,1e-4,10,7,0,7,2.4324336743116124,0,0.0039,0.0035,0.0094,0.0646,0.0014,0.1348,0.0023,0.0025,0.0018,0.2082
0.64,0.18756302824519086,3.0589574461153486,1e-4,10,7,0,7,2.403716273331727,0,0.0041,0.0038,0.0114,0.0718,0.0019,0.1342,0.0023,0.0028,0.0019,0.2105
0.65,0.18577904635256123,3.023224043970388,1e-4,10,6,0,7,2.3827413582436567,0,0.0044,0.0039,0.014,0.0799,0.0023,0.1391,0.0026,0.003,0.0021,0.2128
0.66,0.18399506445993175,2.9876468853470373,1e-4,10,6,0,7,2.340968332518619,0,0.0052,0.004,0.0169,0.0903,0.0027,0.1367,0.0025,0.0035,0.0022,0.2161
0.67,0.1822110825673022,2.952224947723683,1e-4,10,6,0,7,2.311894074858664,0,0.0058,0.0041,0.0199,0.1024,0.0035,0.1326,0.0038,0.0037,0.0024,0.2157
0.68,0.18042710067467263,2.9169572174816945,1e-4,10,6,0,7,2.2820778170077793,0,0.0062,0.0042,0.0245,0.1153,0.0044,0.1308,0.0039,0.0041,0.0025,0.2167
0.69,0.17864311878204306,2.8818426898087335,1e-4,10,6,0,7,2.209651530143782,0,0.0068,0.0043,0.0293,0.1272,0.0056,0.1278,0.0042,0.0043,0.0025,0.2179
0.7,0.17685913688941346,2.846880368603327,1e-4,10,6,0,7,2.1283235242952223,0,0.0078,0.0046,0.034,0.1412,0.0071,0.1305,0.0045,0.0055,0.0026,0.2206
0.71,0.17507515499678386,2.812069266380674,1e-4,10,4,0,7,2.050719677530144,0,0.0087,0.0049,0.0403,0.1567,0.0091,0.1282,0.0051,0.0065,0.0026,0.2212
0.72,0.17329117310415432,2.7774084041796776,1e-4,10,3,0,7,1.9915668645855127,0,0.0092,0.0052,0.0449,0.1719,0.0113,0.1249,0.0057,0.0078,0.0027,0.2217
0.73,0.1715071912115247,2.7428968114711685,1e-4,10,3,0,6,1.9210450668868275,0,0.0105,0.0053,0.053,0.1867,0.0137,0.1233,0.0059,0.0097,0.0029,0.2223
0.74,0.16972320931889517,2.708533526067331,1e-4,10,2,0,6,1.8582928442494024,0,0.0115,0.0053,0.0595,0.2019,0.0167,0.1213,0.007,0.0108,0.0033,0.2248
0.75,0.16793922742626555,2.674317594032266,2e-4,10,2,0,6,1.7881150056868305,0,0.0134,0.0054,0.0669,0.2197,0.0198,0.1193,0.0083,0.0123,0.0035,0.2256
0.76,0.16615524553363598,2.640248069593731,2e-4,10,1,0,6,1.7214750954779485,0,0.0146,0.0056,0.0792,0.2409,0.0247,0.1161,0.009,0.0138,0.0037,0.2269
0.77,0.16437126364100632,2.606324015055987,2e-4,10,1,0,6,1.655034947990891,0,0.0166,0.0057,0.0872,0.263,0.0295,0.1133,0.0098,0.0166,0.0039,0.2302
0.78,0.16258728174837678,2.572544500713781,2e-4,10,1,0,6,1.5835667901015773,0,0.0185,0.0058,0.0983,0.2879,0.0362,0.1115,0.0113,0.0188,0.004,0.235
0.79,0.1608032998557473,2.5389086047674,2e-4,10,1,0,6,1.5114859111864019,0,0.0202,0.0059,0.1111,0.3125,0.0416,0.1117,0.0132,0.0228,0.0043,0.2373
0.8,0.15901931796311766,2.50541541323883,3e-4,10,1,0,6,1.4481699638725294,0,0.0225,0.0059,0.1268,0.3395,0.0494,0.1097,0.0135,0.0257,0.0045,0.2415
0.81,0.15723533607048812,2.472064019888972,5e-4,10,1,0,5,1.385966723671015,0,0.0259,0.006,0.1445,0.3653,0.0583,0.1097,0.014,0.029,0.0049,0.2458
0.82,0.15545135417785858,2.4388535261358952,5e-4,10,0,0,5,1.3154607526503752,0,0.0284,0.0064,0.1622,0.3928,0.0686,0.1054,0.0147,0.0341,0.0052,0.248
0.83,0.15366737228522892,2.4057830409741476,8e-4,10,0,0,5,1.2609441183070995,0,0.0305,0.0065,0.1814,0.4191,0.0781,0.1054,0.0158,0.0385,0.0059,0.249
0.84,0.15188339039259932,2.3728516808950606,9e-4,10,0,0,5,1.1976051890548947,0,0.0327,0.0065,0.2,0.4449,0.0919,0.1004,0.0183,0.0438,0.0066,0.2525
0.85,0.1500994084999698,2.340058569808077,0.001,10,0,0,5,1.151510071493336,0,0.0363,0.0066,0.2234,0.4771,0.1056,0.1022,0.021,0.0487,0.0068,0.2552
0.9,0.14117949903682192,2.17813659564479,0.004,10,0,0,3,1.046213173307709,0,0.0544,0.0071,0.3647,0.6196,0.2155,0.0993,0.0298,0.0814,0.0092,0.2729
0.95,0.13225958957367404,2.0195435648665905,0.0101,10,0,0,3,0.9375523475057537,0,0.0822,0.0077,0.5406,0.7637,0.3921,0.101,0.0412,0.132,0.0122,0.2851
1,0.12333968011052619,1.864177862721689,0.0254,10,0,0,2,0.8008774381854612,0,0.1233,0.008,0.747,0.8845,0.6628,0.1009,0.0585,0.2029,0.0137,0.3017
